This is pdfTeX, Version 3.141592653-2.6-1.40.23 (TeX Live 2022/dev) (preloaded format=pdflatex 2022.3.4)  23 SEP 2022 14:03
entering extended mode
 \write18 enabled.
 file:line:error style messages enabled.
 %&-line parsing enabled.
**parita-msc.tex
(./parita-msc.tex
LaTeX2e <2021-11-15> patch level 1
L3 programming layer <2022-02-24>
(/usr/local/texlive/2021/texmf-dist/tex/latex/base/report.cls
Document Class: report 2021/10/04 v1.4n Standard LaTeX document class
(/usr/local/texlive/2021/texmf-dist/tex/latex/base/size12.clo
File: size12.clo 2021/10/04 v1.4n Standard LaTeX file (size option)
)
\c@part=\count185
\c@chapter=\count186
\c@section=\count187
\c@subsection=\count188
\c@subsubsection=\count189
\c@paragraph=\count190
\c@subparagraph=\count191
\c@figure=\count192
\c@table=\count193
\abovecaptionskip=\skip47
\belowcaptionskip=\skip48
\bibindent=\dimen138
)
(/usr/local/texlive/2021/texmf-dist/tex/latex/caption/caption.sty
Package: caption 2022/02/28 v3.6a Customizing captions (AR)

(/usr/local/texlive/2021/texmf-dist/tex/latex/caption/caption3.sty
Package: caption3 2022/02/28 v2.3a caption3 kernel (AR)

(/usr/local/texlive/2021/texmf-dist/tex/latex/graphics/keyval.sty
Package: keyval 2014/10/28 v1.15 key=value parser (DPC)
\KV@toks@=\toks16
)
\caption@tempdima=\dimen139
\captionmargin=\dimen140
\caption@leftmargin=\dimen141
\caption@rightmargin=\dimen142
\caption@width=\dimen143
\caption@indent=\dimen144
\caption@parindent=\dimen145
\caption@hangindent=\dimen146
Package caption Info: Standard document class detected.
)
\c@caption@flags=\count194
\c@continuedfloat=\count195
)
(/usr/local/texlive/2021/texmf-dist/tex/latex/setspace/setspace.sty
Package: setspace 2011/12/19 v6.7a set line spacing
)
(/usr/local/texlive/2021/texmf-dist/tex/latex/graphics/graphicx.sty
Package: graphicx 2021/09/16 v1.2d Enhanced LaTeX Graphics (DPC,SPQR)

(/usr/local/texlive/2021/texmf-dist/tex/latex/graphics/graphics.sty
Package: graphics 2021/03/04 v1.4d Standard LaTeX Graphics (DPC,SPQR)

(/usr/local/texlive/2021/texmf-dist/tex/latex/graphics/trig.sty
Package: trig 2021/08/11 v1.11 sin cos tan (DPC)
)
(/usr/local/texlive/2021/texmf-dist/tex/latex/graphics-cfg/graphics.cfg
File: graphics.cfg 2016/06/04 v1.11 sample graphics configuration
)
Package graphics Info: Driver file: pdftex.def on input line 107.

(/usr/local/texlive/2021/texmf-dist/tex/latex/graphics-def/pdftex.def
File: pdftex.def 2020/10/05 v1.2a Graphics/color driver for pdftex
))
\Gin@req@height=\dimen147
\Gin@req@width=\dimen148
)
(/usr/local/texlive/2021/texmf-dist/tex/latex/bbding/bbding.sty
Package: bbding 1999/04/15 v1.01 Dingbats symbols
)
(/usr/local/texlive/2021/texmf-dist/tex/latex/adjustbox/adjustbox.sty
Package: adjustbox 2020/08/19 v1.3 Adjusting TeX boxes (trim, clip, ...)

(/usr/local/texlive/2021/texmf-dist/tex/latex/xkeyval/xkeyval.sty
Package: xkeyval 2020/11/20 v2.8 package option processing (HA)

(/usr/local/texlive/2021/texmf-dist/tex/generic/xkeyval/xkeyval.tex
(/usr/local/texlive/2021/texmf-dist/tex/generic/xkeyval/xkvutils.tex
\XKV@toks=\toks17
\XKV@tempa@toks=\toks18
)
\XKV@depth=\count196
File: xkeyval.tex 2014/12/03 v2.7a key=value parser (HA)
))
(/usr/local/texlive/2021/texmf-dist/tex/latex/adjustbox/adjcalc.sty
Package: adjcalc 2012/05/16 v1.1 Provides advanced setlength with multiple back
-ends (calc, etex, pgfmath)
)
(/usr/local/texlive/2021/texmf-dist/tex/latex/adjustbox/trimclip.sty
Package: trimclip 2020/08/19 v1.2 Trim and clip general TeX material

(/usr/local/texlive/2021/texmf-dist/tex/latex/collectbox/collectbox.sty
Package: collectbox 2012/05/17 v0.4b Collect macro arguments as boxes
\collectedbox=\box50
)
\tc@llx=\dimen149
\tc@lly=\dimen150
\tc@urx=\dimen151
\tc@ury=\dimen152
Package trimclip Info: Using driver 'tc-pdftex.def'.

(/usr/local/texlive/2021/texmf-dist/tex/latex/adjustbox/tc-pdftex.def
File: tc-pdftex.def 2019/01/04 v2.2 Clipping driver for pdftex
))
\adjbox@Width=\dimen153
\adjbox@Height=\dimen154
\adjbox@Depth=\dimen155
\adjbox@Totalheight=\dimen156
\adjbox@pwidth=\dimen157
\adjbox@pheight=\dimen158
\adjbox@pdepth=\dimen159
\adjbox@ptotalheight=\dimen160

(/usr/local/texlive/2021/texmf-dist/tex/latex/ifoddpage/ifoddpage.sty
Package: ifoddpage 2016/04/23 v1.1 Conditionals for odd/even page detection
\c@checkoddpage=\count197
)
(/usr/local/texlive/2021/texmf-dist/tex/latex/varwidth/varwidth.sty
Package: varwidth 2009/03/30 ver 0.92;  Variable-width minipages
\@vwid@box=\box51
\sift@deathcycles=\count198
\@vwid@loff=\dimen161
\@vwid@roff=\dimen162
))
(/usr/local/texlive/2021/texmf-dist/tex/latex/caption/subcaption.sty
Package: subcaption 2022/01/07 v1.5 Sub-captions (AR)
\c@subfigure=\count199
\c@subtable=\count266
)
(/usr/local/texlive/2021/texmf-dist/tex/latex/amsmath/amsmath.sty
Package: amsmath 2021/10/15 v2.17l AMS math features
\@mathmargin=\skip49

For additional information on amsmath, use the `?' option.
(/usr/local/texlive/2021/texmf-dist/tex/latex/amsmath/amstext.sty
Package: amstext 2021/08/26 v2.01 AMS text

(/usr/local/texlive/2021/texmf-dist/tex/latex/amsmath/amsgen.sty
File: amsgen.sty 1999/11/30 v2.0 generic functions
\@emptytoks=\toks19
\ex@=\dimen163
))
(/usr/local/texlive/2021/texmf-dist/tex/latex/amsmath/amsbsy.sty
Package: amsbsy 1999/11/29 v1.2d Bold Symbols
\pmbraise@=\dimen164
)
(/usr/local/texlive/2021/texmf-dist/tex/latex/amsmath/amsopn.sty
Package: amsopn 2021/08/26 v2.02 operator names
)
\inf@bad=\count267
LaTeX Info: Redefining \frac on input line 234.
\uproot@=\count268
\leftroot@=\count269
LaTeX Info: Redefining \overline on input line 399.
\classnum@=\count270
\DOTSCASE@=\count271
LaTeX Info: Redefining \ldots on input line 496.
LaTeX Info: Redefining \dots on input line 499.
LaTeX Info: Redefining \cdots on input line 620.
\Mathstrutbox@=\box52
\strutbox@=\box53
\big@size=\dimen165
LaTeX Font Info:    Redeclaring font encoding OML on input line 743.
LaTeX Font Info:    Redeclaring font encoding OMS on input line 744.
\macc@depth=\count272
\c@MaxMatrixCols=\count273
\dotsspace@=\muskip16
\c@parentequation=\count274
\dspbrk@lvl=\count275
\tag@help=\toks20
\row@=\count276
\column@=\count277
\maxfields@=\count278
\andhelp@=\toks21
\eqnshift@=\dimen166
\alignsep@=\dimen167
\tagshift@=\dimen168
\tagwidth@=\dimen169
\totwidth@=\dimen170
\lineht@=\dimen171
\@envbody=\toks22
\multlinegap=\skip50
\multlinetaggap=\skip51
\mathdisplay@stack=\toks23
LaTeX Info: Redefining \[ on input line 2938.
LaTeX Info: Redefining \] on input line 2939.
)
(/usr/local/texlive/2021/texmf-dist/tex/latex/base/textcomp.sty
Package: textcomp 2020/02/02 v2.0n Standard LaTeX package
)
(/usr/local/texlive/2021/texmf-dist/tex/latex/ragged2e/ragged2e.sty
Package: ragged2e 2021/12/15 v3.1 ragged2e Package
\CenteringLeftskip=\skip52
\RaggedLeftLeftskip=\skip53
\RaggedRightLeftskip=\skip54
\CenteringRightskip=\skip55
\RaggedLeftRightskip=\skip56
\RaggedRightRightskip=\skip57
\CenteringParfillskip=\skip58
\RaggedLeftParfillskip=\skip59
\RaggedRightParfillskip=\skip60
\JustifyingParfillskip=\skip61
\CenteringParindent=\skip62
\RaggedLeftParindent=\skip63
\RaggedRightParindent=\skip64
\JustifyingParindent=\skip65
)
(/usr/local/texlive/2021/texmf-dist/tex/latex/tools/indentfirst.sty
Package: indentfirst 1995/11/23 v1.03 Indent first paragraph (DPC)
)
(/usr/local/texlive/2021/texmf-dist/tex/latex/floatrow/floatrow.sty
Package: floatrow 2008/08/02 v0.3b floatrow: float package extension
\c@float@type=\count279
\float@exts=\toks24
\float@box=\box54
\@floatcapt=\box55
Package floatrow Info: Modified float package code loaded on input line 455.
Package floatrow Info: Modified rotfloat package code loaded on input line 473.

\FR@everyfloat=\toks25
\flrow@foot=\insert252
\FB@wd=\dimen172
\FBo@wd=\dimen173
\FBc@wd=\dimen174
\FBo@ht=\skip66
\FBc@ht=\skip67
\FBf@ht=\skip68
\FBo@max=\skip69
\FBc@max=\skip70
\FBf@max=\skip71
\c@FBl@b=\count280
\floatbox@depth=\count281
\c@FRobj=\count282
\c@FRsobj=\count283
\Xhsize=\skip72
\sXhsize=\skip73
\Zhsize=\skip74
\sZhsize=\skip75
\flrow@rowbox=\box56
\FR@Zunitlength=\dimen175
\c@FBcnt=\count284
\FPOScnt=\count285
\LTleft=\skip76
\LTright=\skip77
\LTleft=\skip78
\LTright=\skip79
\flrow@types=\toks26
)
(/usr/local/texlive/2021/texmf-dist/tex/latex/xcolor/xcolor.sty
Package: xcolor 2021/10/31 v2.13 LaTeX color extensions (UK)

(/usr/local/texlive/2021/texmf-dist/tex/latex/graphics-cfg/color.cfg
File: color.cfg 2016/01/02 v1.6 sample color configuration
)
Package xcolor Info: Driver file: pdftex.def on input line 227.

(/usr/local/texlive/2021/texmf-dist/tex/latex/colortbl/colortbl.sty
Package: colortbl 2020/01/04 v1.0e Color table columns (DPC)

(/usr/local/texlive/2021/texmf-dist/tex/latex/tools/array.sty
Package: array 2021/10/04 v2.5f Tabular extension package (FMi)
\col@sep=\dimen176
\ar@mcellbox=\box57
\extrarowheight=\dimen177
\NC@list=\toks27
\extratabsurround=\skip80
\backup@length=\skip81
\ar@cellbox=\box58
)
\everycr=\toks28
\minrowclearance=\skip82
)
\rownum=\count286
Package xcolor Info: Model `cmy' substituted by `cmy0' on input line 1352.
Package xcolor Info: Model `hsb' substituted by `rgb' on input line 1356.
Package xcolor Info: Model `RGB' extended on input line 1368.
Package xcolor Info: Model `HTML' substituted by `rgb' on input line 1370.
Package xcolor Info: Model `Hsb' substituted by `hsb' on input line 1371.
Package xcolor Info: Model `tHsb' substituted by `hsb' on input line 1372.
Package xcolor Info: Model `HSB' substituted by `hsb' on input line 1373.
Package xcolor Info: Model `Gray' substituted by `gray' on input line 1374.
Package xcolor Info: Model `wave' substituted by `hsb' on input line 1375.
)
(/usr/local/texlive/2021/texmf-dist/tex/latex/tools/multicol.sty
Package: multicol 2021/10/28 v1.9b multicolumn formatting (FMi)
\c@tracingmulticols=\count287
\mult@box=\box59
\multicol@leftmargin=\dimen178
\c@unbalance=\count288
\c@collectmore=\count289
\doublecol@number=\count290
\multicoltolerance=\count291
\multicolpretolerance=\count292
\full@width=\dimen179
\page@free=\dimen180
\premulticols=\dimen181
\postmulticols=\dimen182
\multicolsep=\skip83
\multicolbaselineskip=\skip84
\partial@page=\box60
\last@line=\box61
\maxbalancingoverflow=\dimen183
\mult@rightbox=\box62
\mult@grightbox=\box63
\mult@firstbox=\box64
\mult@gfirstbox=\box65
\@tempa=\box66
\@tempa=\box67
\@tempa=\box68
\@tempa=\box69
\@tempa=\box70
\@tempa=\box71
\@tempa=\box72
\@tempa=\box73
\@tempa=\box74
\@tempa=\box75
\@tempa=\box76
\@tempa=\box77
\@tempa=\box78
\@tempa=\box79
\@tempa=\box80
\@tempa=\box81
\@tempa=\box82
\@tempa=\box83
\@tempa=\box84
\@tempa=\box85
\@tempa=\box86
\@tempa=\box87
\@tempa=\box88
\@tempa=\box89
\@tempa=\box90
\@tempa=\box91
\@tempa=\box92
\@tempa=\box93
\@tempa=\box94
\@tempa=\box95
\@tempa=\box96
\@tempa=\box97
\@tempa=\box98
\@tempa=\box99
\@tempa=\box100
\@tempa=\box101
\c@minrows=\count293
\c@columnbadness=\count294
\c@finalcolumnbadness=\count295
\last@try=\dimen184
\multicolovershoot=\dimen185
\multicolundershoot=\dimen186
\mult@nat@firstbox=\box102
\colbreak@box=\box103
\mc@col@check@num=\count296
)
(/usr/local/texlive/2021/texmf-dist/tex/latex/multirow/multirow.sty
Package: multirow 2021/03/15 v2.8 Span multiple rows of a table
\multirow@colwidth=\skip85
\multirow@cntb=\count297
\multirow@dima=\skip86
\bigstrutjot=\dimen187
)
(/usr/local/texlive/2021/texmf-dist/tex/latex/geometry/geometry.sty
Package: geometry 2020/01/02 v5.9 Page Geometry

(/usr/local/texlive/2021/texmf-dist/tex/generic/iftex/ifvtex.sty
Package: ifvtex 2019/10/25 v1.7 ifvtex legacy package. Use iftex instead.

(/usr/local/texlive/2021/texmf-dist/tex/generic/iftex/iftex.sty
Package: iftex 2022/02/03 v1.0f TeX engine tests
))
\Gm@cnth=\count298
\Gm@cntv=\count299
\c@Gm@tempcnt=\count300
\Gm@bindingoffset=\dimen188
\Gm@wd@mp=\dimen189
\Gm@odd@mp=\dimen190
\Gm@even@mp=\dimen191
\Gm@layoutwidth=\dimen192
\Gm@layoutheight=\dimen193
\Gm@layouthoffset=\dimen194
\Gm@layoutvoffset=\dimen195
\Gm@dimlist=\toks29
)
(/usr/local/texlive/2021/texmf-dist/tex/latex/csquotes/csquotes.sty
Package: csquotes 2021-02-22 v5.2l context-sensitive quotations (JAW)

(/usr/local/texlive/2021/texmf-dist/tex/latex/etoolbox/etoolbox.sty
Package: etoolbox 2020/10/05 v2.5k e-TeX tools for LaTeX (JAW)
\etb@tempcnta=\count301
)
\csq@reset=\count302
\csq@gtype=\count303
\csq@glevel=\count304
\csq@qlevel=\count305
\csq@maxlvl=\count306
\csq@tshold=\count307
\csq@ltx@everypar=\toks30

(/usr/local/texlive/2021/texmf-dist/tex/latex/csquotes/csquotes.def
File: csquotes.def 2021-02-22 v5.2l csquotes generic definitions (JAW)
)
Package csquotes Info: Trying to load configuration file 'csquotes.cfg'...
Package csquotes Info: ... configuration file loaded successfully.

(/usr/local/texlive/2021/texmf-dist/tex/latex/csquotes/csquotes.cfg
File: csquotes.cfg 
)
Package csquotes Info: Enabling multilingual quotes.
)
(/usr/local/texlive/2021/texmf-dist/tex/latex/base/fontenc.sty
Package: fontenc 2021/04/29 v2.0v Standard LaTeX package
)
(/usr/local/texlive/2021/texmf-dist/tex/latex/base/inputenc.sty
Package: inputenc 2021/02/14 v1.3d Input encoding file
\inpenc@prehook=\toks31
\inpenc@posthook=\toks32
)
(/usr/local/texlive/2021/texmf-dist/tex/latex/lm/lmodern.sty
Package: lmodern 2015/05/01 v1.6.1 Latin Modern Fonts
LaTeX Font Info:    Overwriting symbol font `operators' in version `normal'
(Font)                  OT1/cmr/m/n --> OT1/lmr/m/n on input line 22.
LaTeX Font Info:    Overwriting symbol font `letters' in version `normal'
(Font)                  OML/cmm/m/it --> OML/lmm/m/it on input line 23.
LaTeX Font Info:    Overwriting symbol font `symbols' in version `normal'
(Font)                  OMS/cmsy/m/n --> OMS/lmsy/m/n on input line 24.
LaTeX Font Info:    Overwriting symbol font `largesymbols' in version `normal'
(Font)                  OMX/cmex/m/n --> OMX/lmex/m/n on input line 25.
LaTeX Font Info:    Overwriting symbol font `operators' in version `bold'
(Font)                  OT1/cmr/bx/n --> OT1/lmr/bx/n on input line 26.
LaTeX Font Info:    Overwriting symbol font `letters' in version `bold'
(Font)                  OML/cmm/b/it --> OML/lmm/b/it on input line 27.
LaTeX Font Info:    Overwriting symbol font `symbols' in version `bold'
(Font)                  OMS/cmsy/b/n --> OMS/lmsy/b/n on input line 28.
LaTeX Font Info:    Overwriting symbol font `largesymbols' in version `bold'
(Font)                  OMX/cmex/m/n --> OMX/lmex/m/n on input line 29.
LaTeX Font Info:    Overwriting math alphabet `\mathbf' in version `normal'
(Font)                  OT1/cmr/bx/n --> OT1/lmr/bx/n on input line 31.
LaTeX Font Info:    Overwriting math alphabet `\mathsf' in version `normal'
(Font)                  OT1/cmss/m/n --> OT1/lmss/m/n on input line 32.
LaTeX Font Info:    Overwriting math alphabet `\mathit' in version `normal'
(Font)                  OT1/cmr/m/it --> OT1/lmr/m/it on input line 33.
LaTeX Font Info:    Overwriting math alphabet `\mathtt' in version `normal'
(Font)                  OT1/cmtt/m/n --> OT1/lmtt/m/n on input line 34.
LaTeX Font Info:    Overwriting math alphabet `\mathbf' in version `bold'
(Font)                  OT1/cmr/bx/n --> OT1/lmr/bx/n on input line 35.
LaTeX Font Info:    Overwriting math alphabet `\mathsf' in version `bold'
(Font)                  OT1/cmss/bx/n --> OT1/lmss/bx/n on input line 36.
LaTeX Font Info:    Overwriting math alphabet `\mathit' in version `bold'
(Font)                  OT1/cmr/bx/it --> OT1/lmr/bx/it on input line 37.
LaTeX Font Info:    Overwriting math alphabet `\mathtt' in version `bold'
(Font)                  OT1/cmtt/m/n --> OT1/lmtt/m/n on input line 38.
)
(/usr/local/texlive/2021/texmf-dist/tex/latex/listings/listings.sty
\lst@mode=\count308
\lst@gtempboxa=\box104
\lst@token=\toks33
\lst@length=\count309
\lst@currlwidth=\dimen196
\lst@column=\count310
\lst@pos=\count311
\lst@lostspace=\dimen197
\lst@width=\dimen198
\lst@newlines=\count312
\lst@lineno=\count313
\lst@maxwidth=\dimen199

(/usr/local/texlive/2021/texmf-dist/tex/latex/listings/lstmisc.sty
File: lstmisc.sty 2020/03/24 1.8d (Carsten Heinz)
\c@lstnumber=\count314
\lst@skipnumbers=\count315
\lst@framebox=\box105
)
(/usr/local/texlive/2021/texmf-dist/tex/latex/listings/listings.cfg
File: listings.cfg 2020/03/24 1.8d listings configuration
))
Package: listings 2020/03/24 1.8d (Carsten Heinz)

(/usr/local/texlive/2021/texmf-dist/tex/latex/appendix/appendix.sty
Package: appendix 2020/02/08 v1.2c extra appendix facilities
\c@@pps=\count316
\c@@ppsavesec=\count317
\c@@ppsaveapp=\count318
)
(/usr/local/texlive/2021/texmf-dist/tex/latex/lipsum/lipsum.sty
(/usr/local/texlive/2021/texmf-dist/tex/latex/l3packages/l3keys2e/l3keys2e.sty
(/usr/local/texlive/2021/texmf-dist/tex/latex/l3kernel/expl3.sty
Package: expl3 2022-02-24 L3 programming layer (loader) 

(/usr/local/texlive/2021/texmf-dist/tex/latex/l3backend/l3backend-pdftex.def
File: l3backend-pdftex.def 2022-02-07 L3 backend support: PDF output (pdfTeX)
\l__color_backend_stack_int=\count319
\l__pdf_internal_box=\box106
))
Package: l3keys2e 2022-01-12 LaTeX2e option processing using LaTeX3 keys
)
Package: lipsum 2021-09-20 v2.7 150 paragraphs of Lorem Ipsum dummy text
\g__lipsum_par_int=\count320
\l__lipsum_a_int=\count321
\l__lipsum_b_int=\count322
(/usr/local/texlive/2021/texmf-dist/tex/latex/lipsum/lipsum.ltd.tex))
(/usr/local/texlive/2021/texmf-dist/tex/latex/enumitem/enumitem.sty
Package: enumitem 2019/06/20 v3.9 Customized lists
\labelindent=\skip87
\enit@outerparindent=\dimen256
\enit@toks=\toks34
\enit@inbox=\box107
\enit@count@id=\count323
\enitdp@description=\count324
)
(/usr/local/texlive/2021/texmf-dist/tex/latex/amsfonts/amssymb.sty
Package: amssymb 2013/01/14 v3.01 AMS font symbols

(/usr/local/texlive/2021/texmf-dist/tex/latex/amsfonts/amsfonts.sty
Package: amsfonts 2013/01/14 v3.01 Basic AMSFonts support
\symAMSa=\mathgroup4
\symAMSb=\mathgroup5
LaTeX Font Info:    Redeclaring math symbol \hbar on input line 98.
LaTeX Font Info:    Overwriting math alphabet `\mathfrak' in version `bold'
(Font)                  U/euf/m/n --> U/euf/b/n on input line 106.
))
(/usr/local/texlive/2021/texmf-dist/tex/latex/fancyhdr/fancyhdr.sty
Package: fancyhdr 2021/01/28 v4.0.1 Extensive control of page headers and foote
rs
\f@nch@headwidth=\skip88
\f@nch@O@elh=\skip89
\f@nch@O@erh=\skip90
\f@nch@O@olh=\skip91
\f@nch@O@orh=\skip92
\f@nch@O@elf=\skip93
\f@nch@O@erf=\skip94
\f@nch@O@olf=\skip95
\f@nch@O@orf=\skip96
)
(/usr/local/texlive/2021/texmf-dist/tex/latex/dirtytalk/dirtytalk.sty
Package: dirtytalk 2010/11/21 A package making "quoting" easier

(/usr/local/texlive/2021/texmf-dist/tex/latex/kvoptions/kvoptions.sty
Package: kvoptions 2020-10-07 v3.14 Key value format for package options (HO)

(/usr/local/texlive/2021/texmf-dist/tex/generic/ltxcmds/ltxcmds.sty
Package: ltxcmds 2020-05-10 v1.25 LaTeX kernel commands for general use (HO)
)
(/usr/local/texlive/2021/texmf-dist/tex/generic/kvsetkeys/kvsetkeys.sty
Package: kvsetkeys 2019/12/15 v1.18 Key value parser (HO)
))
(/usr/local/texlive/2021/texmf-dist/tex/latex/base/ifthen.sty
Package: ifthen 2020/11/24 v1.1c Standard LaTeX ifthen package (DPC)
)
\c@dirtytalk@qdepth=\count325
)
(/usr/local/texlive/2021/texmf-dist/tex/latex/url/url.sty
\Urlmuskip=\muskip17
Package: url 2013/09/16  ver 3.4  Verb mode for urls, etc.
)
(/usr/local/texlive/2021/texmf-dist/tex/latex/breakurl/breakurl.sty
Package: breakurl 2013/04/10 v1.40 Breakable hyperref URLs

(/usr/local/texlive/2021/texmf-dist/tex/generic/iftex/ifpdf.sty
Package: ifpdf 2019/10/25 v3.4 ifpdf legacy package. Use iftex instead.
)

Package breakurl Warning: You are using breakurl while processing via pdflatex.

(breakurl)                \burl will be just a synonym of \url.
(breakurl)                 on input line 48.

) (/usr/local/texlive/2021/texmf-dist/tex/latex/hyperref/hyperref.sty
Package: hyperref 2022-02-21 v7.00n Hypertext links for LaTeX

(/usr/local/texlive/2021/texmf-dist/tex/generic/pdftexcmds/pdftexcmds.sty
Package: pdftexcmds 2020-06-27 v0.33 Utility functions of pdfTeX for LuaTeX (HO
)

(/usr/local/texlive/2021/texmf-dist/tex/generic/infwarerr/infwarerr.sty
Package: infwarerr 2019/12/03 v1.5 Providing info/warning/error messages (HO)
)
Package pdftexcmds Info: \pdf@primitive is available.
Package pdftexcmds Info: \pdf@ifprimitive is available.
Package pdftexcmds Info: \pdfdraftmode found.
)
(/usr/local/texlive/2021/texmf-dist/tex/generic/kvdefinekeys/kvdefinekeys.sty
Package: kvdefinekeys 2019-12-19 v1.6 Define keys (HO)
)
(/usr/local/texlive/2021/texmf-dist/tex/generic/pdfescape/pdfescape.sty
Package: pdfescape 2019/12/09 v1.15 Implements pdfTeX's escape features (HO)
)
(/usr/local/texlive/2021/texmf-dist/tex/latex/hycolor/hycolor.sty
Package: hycolor 2020-01-27 v1.10 Color options for hyperref/bookmark (HO)
)
(/usr/local/texlive/2021/texmf-dist/tex/latex/letltxmacro/letltxmacro.sty
Package: letltxmacro 2019/12/03 v1.6 Let assignment for LaTeX macros (HO)
)
(/usr/local/texlive/2021/texmf-dist/tex/latex/auxhook/auxhook.sty
Package: auxhook 2019-12-17 v1.6 Hooks for auxiliary files (HO)
)
\@linkdim=\dimen257
\Hy@linkcounter=\count326
\Hy@pagecounter=\count327

(/usr/local/texlive/2021/texmf-dist/tex/latex/hyperref/pd1enc.def
File: pd1enc.def 2022-02-21 v7.00n Hyperref: PDFDocEncoding definition (HO)
Now handling font encoding PD1 ...
... no UTF-8 mapping file for font encoding PD1
)
(/usr/local/texlive/2021/texmf-dist/tex/generic/intcalc/intcalc.sty
Package: intcalc 2019/12/15 v1.3 Expandable calculations with integers (HO)
)
(/usr/local/texlive/2021/texmf-dist/tex/generic/etexcmds/etexcmds.sty
Package: etexcmds 2019/12/15 v1.7 Avoid name clashes with e-TeX commands (HO)
)
\Hy@SavedSpaceFactor=\count328

(/usr/local/texlive/2021/texmf-dist/tex/latex/hyperref/puenc.def
File: puenc.def 2022-02-21 v7.00n Hyperref: PDF Unicode definition (HO)
Now handling font encoding PU ...
... no UTF-8 mapping file for font encoding PU
)
Package hyperref Info: Option `breaklinks' set `true' on input line 4018.
Package hyperref Info: Hyper figures OFF on input line 4137.
Package hyperref Info: Link nesting OFF on input line 4142.
Package hyperref Info: Hyper index ON on input line 4145.
Package hyperref Info: Plain pages OFF on input line 4152.
Package hyperref Info: Backreferencing OFF on input line 4157.
Package hyperref Info: Implicit mode ON; LaTeX internals redefined.
Package hyperref Info: Bookmarks ON on input line 4390.
\c@Hy@tempcnt=\count329
LaTeX Info: Redefining \url on input line 4749.
\XeTeXLinkMargin=\dimen258

(/usr/local/texlive/2021/texmf-dist/tex/generic/bitset/bitset.sty
Package: bitset 2019/12/09 v1.3 Handle bit-vector datatype (HO)

(/usr/local/texlive/2021/texmf-dist/tex/generic/bigintcalc/bigintcalc.sty
Package: bigintcalc 2019/12/15 v1.5 Expandable calculations on big integers (HO
)
))
\Fld@menulength=\count330
\Field@Width=\dimen259
\Fld@charsize=\dimen260
Package hyperref Info: Hyper figures OFF on input line 6027.
Package hyperref Info: Link nesting OFF on input line 6032.
Package hyperref Info: Hyper index ON on input line 6035.
Package hyperref Info: backreferencing OFF on input line 6042.
Package hyperref Info: Link coloring OFF on input line 6047.
Package hyperref Info: Link coloring with OCG OFF on input line 6052.
Package hyperref Info: PDF/A mode OFF on input line 6057.
LaTeX Info: Redefining \ref on input line 6097.
LaTeX Info: Redefining \pageref on input line 6101.

(/usr/local/texlive/2021/texmf-dist/tex/latex/base/atbegshi-ltx.sty
Package: atbegshi-ltx 2021/01/10 v1.0c Emulation of the original atbegshi
package with kernel methods
)
\Hy@abspage=\count331
\c@Item=\count332
\c@Hfootnote=\count333
)
Package hyperref Info: Driver (autodetected): hpdftex.

(/usr/local/texlive/2021/texmf-dist/tex/latex/hyperref/hpdftex.def
File: hpdftex.def 2022-02-21 v7.00n Hyperref driver for pdfTeX

(/usr/local/texlive/2021/texmf-dist/tex/latex/base/atveryend-ltx.sty
Package: atveryend-ltx 2020/08/19 v1.0a Emulation of the original atveryend pac
kage
with kernel methods
)
\Fld@listcount=\count334
\c@bookmark@seq@number=\count335

(/usr/local/texlive/2021/texmf-dist/tex/latex/rerunfilecheck/rerunfilecheck.sty
Package: rerunfilecheck 2019/12/05 v1.9 Rerun checks for auxiliary files (HO)

(/usr/local/texlive/2021/texmf-dist/tex/generic/uniquecounter/uniquecounter.sty
Package: uniquecounter 2019/12/15 v1.4 Provide unlimited unique counter (HO)
)
Package uniquecounter Info: New unique counter `rerunfilecheck' on input line 2
86.
)
\Hy@SectionHShift=\skip97
) (/usr/local/texlive/2021/texmf-dist/tex/latex/acro/acro.sty
Package: acro 2022/01/27 v3.7 typeset acronyms and other abbreviations (CN)
\g__acro_version_int=\count336
\l__acro_tmpa_int=\count337
\l__acro_tmpb_int=\count338
\l__acro_tmpc_int=\count339
\l__acro_tmpd_int=\count340
Loading module `base' ...
Loading module `interface' ...
Loading module `aux' ...
Loading module `properties' ...
Loading module `acronyms' ...
Loading module `formatting' ...
Loading module `ppfixes' ...
Loading module `tools' ...
\l__acro_minimal_usage_int=\count341
\l__acro_nest_int=\count342
\g_acro_barrier_int=\count343
\g_acro_barrier_total_int=\count344
Loading module `commands' ...
Loading module `templates' ...
Loading module `list' ...
Loading module `pages' ...
\l__acro_pages_seq_threshold_int=\count345
Loading module `locale' ...

(/usr/local/texlive/2021/texmf-dist/tex/latex/translations/translations.sty
Package: translations 2022/02/05 v1.12 internationalization of LaTeX2e packages
 (CN)
)
Loading module `pdfsupport' ...
Loading module `patch' ...
Loading module `definitions' ...
Loading module `upgrade' ...
)

./parita-msc.tex:48: LaTeX3 Error: The key 'acro/list-style' is unknown and is 
being ignored.

For immediate help type H <return>.
 ...                                              
                                                  
l.48 }
      
? r
OK, entering \nonstopmode...

./parita-msc.tex:48: LaTeX3 Error: The key 'acro/only-used' is unknown and is b
eing ignored.

For immediate help type H <return>.
 ...                                              
                                                  
l.48 }
      

The module 'acro' does not have a key called 'acro/only-used'.
Check that you have spelled the key name correctly.



./parita-msc.tex:48: LaTeX3 Error: The key 'acro/sort' is unknown and is being 
ignored.

For immediate help type H <return>.
 ...                                              
                                                  
l.48 }
      

The module 'acro' does not have a key called 'acro/sort'.
Check that you have spelled the key name correctly.



./parita-msc.tex:48: LaTeX3 Error: The key 'acro/page-style' is unknown and is 
being ignored.

For immediate help type H <return>.
 ...                                              
                                                  
l.48 }
      

The module 'acro' does not have a key called 'acro/page-style'.
Check that you have spelled the key name correctly.



./parita-msc.tex:48: LaTeX3 Error: The key 'acro/pages' is unknown and is being
 ignored.

For immediate help type H <return>.
 ...                                              
                                                  
l.48 }
      

The module 'acro' does not have a key called 'acro/pages'.
Check that you have spelled the key name correctly.



LaTeX Warning: \include should only be used after \begin{document} on input lin
e 49.

(./abbrev.tex
\g__acro_uri_int=\count346


./abbrev.tex:6: Package acro Error: You tried to set the property `class' on li
ne 6.
(acro)                This property does not exist. Check for a typo or 
(acro)                define the property yourself.

Type <return> to continue.
 ...                                              
                                                  
l.6 }
     

LaTeX does not know anything more about this error, sorry.

Try typing <return> to proceed.
If that doesn't work, type X <return> to quit.


\g__acro_http_int=\count347

./abbrev.tex:11: Package acro Error: You tried to set the property `class' on l
ine 11.
(acro)                This property does not exist. Check for a typo or 
(acro)                define the property yourself.

Type <return> to continue.
 ...                                              
                                                  
l.11 }
      

LaTeX does not know anything more about this error, sorry.

Try typing <return> to proceed.
If that doesn't work, type X <return> to quit.


\g__acro_https_int=\count348

./abbrev.tex:16: Package acro Error: You tried to set the property `class' on l
ine 16.
(acro)                This property does not exist. Check for a typo or 
(acro)                define the property yourself.

Type <return> to continue.
 ...                                              
                                                  
l.16 }
      

LaTeX does not know anything more about this error, sorry.

Try typing <return> to proceed.
If that doesn't work, type X <return> to quit.


\g__acro_sparql_int=\count349

./abbrev.tex:21: Package acro Error: You tried to set the property `class' on l
ine 21.
(acro)                This property does not exist. Check for a typo or 
(acro)                define the property yourself.

Type <return> to continue.
 ...                                              
                                                  
l.21 }
      

LaTeX does not know anything more about this error, sorry.

Try typing <return> to proceed.
If that doesn't work, type X <return> to quit.


\g__acro_shacl_int=\count350

./abbrev.tex:26: Package acro Error: You tried to set the property `class' on l
ine 26.
(acro)                This property does not exist. Check for a typo or 
(acro)                define the property yourself.

Type <return> to continue.
 ...                                              
                                                  
l.26 }
      

LaTeX does not know anything more about this error, sorry.

Try typing <return> to proceed.
If that doesn't work, type X <return> to quit.


\g__acro_rdf_int=\count351

./abbrev.tex:31: Package acro Error: You tried to set the property `class' on l
ine 31.
(acro)                This property does not exist. Check for a typo or 
(acro)                define the property yourself.

Type <return> to continue.
 ...                                              
                                                  
l.31 }
      

LaTeX does not know anything more about this error, sorry.

Try typing <return> to proceed.
If that doesn't work, type X <return> to quit.


\g__acro_www_int=\count352

./abbrev.tex:36: Package acro Error: You tried to set the property `class' on l
ine 36.
(acro)                This property does not exist. Check for a typo or 
(acro)                define the property yourself.

Type <return> to continue.
 ...                                              
                                                  
l.36 }
      

LaTeX does not know anything more about this error, sorry.

Try typing <return> to proceed.
If that doesn't work, type X <return> to quit.


\g__acro_w3c_int=\count353

./abbrev.tex:41: Package acro Error: You tried to set the property `class' on l
ine 41.
(acro)                This property does not exist. Check for a typo or 
(acro)                define the property yourself.

Type <return> to continue.
 ...                                              
                                                  
l.41 }
      

LaTeX does not know anything more about this error, sorry.

Try typing <return> to proceed.
If that doesn't work, type X <return> to quit.


\g__acro_html_int=\count354

./abbrev.tex:46: Package acro Error: You tried to set the property `class' on l
ine 46.
(acro)                This property does not exist. Check for a typo or 
(acro)                define the property yourself.

Type <return> to continue.
 ...                                              
                                                  
l.46 }
      

LaTeX does not know anything more about this error, sorry.

Try typing <return> to proceed.
If that doesn't work, type X <return> to quit.


\g__acro_url_int=\count355

./abbrev.tex:51: Package acro Error: You tried to set the property `class' on l
ine 51.
(acro)                This property does not exist. Check for a typo or 
(acro)                define the property yourself.

Type <return> to continue.
 ...                                              
                                                  
l.51 }
      

LaTeX does not know anything more about this error, sorry.

Try typing <return> to proceed.
If that doesn't work, type X <return> to quit.


\g__acro_urn_int=\count356

./abbrev.tex:56: Package acro Error: You tried to set the property `class' on l
ine 56.
(acro)                This property does not exist. Check for a typo or 
(acro)                define the property yourself.

Type <return> to continue.
 ...                                              
                                                  
l.56 }
      

LaTeX does not know anything more about this error, sorry.

Try typing <return> to proceed.
If that doesn't work, type X <return> to quit.


\g__acro_xml_int=\count357

./abbrev.tex:61: Package acro Error: You tried to set the property `class' on l
ine 61.
(acro)                This property does not exist. Check for a typo or 
(acro)                define the property yourself.

Type <return> to continue.
 ...                                              
                                                  
l.61 }
      

LaTeX does not know anything more about this error, sorry.

Try typing <return> to proceed.
If that doesn't work, type X <return> to quit.


\g__acro_rdfs_int=\count358

./abbrev.tex:66: Package acro Error: You tried to set the property `class' on l
ine 66.
(acro)                This property does not exist. Check for a typo or 
(acro)                define the property yourself.

Type <return> to continue.
 ...                                              
                                                  
l.66 }
      

LaTeX does not know anything more about this error, sorry.

Try typing <return> to proceed.
If that doesn't work, type X <return> to quit.


\g__acro_lod_int=\count359

./abbrev.tex:71: Package acro Error: You tried to set the property `class' on l
ine 71.
(acro)                This property does not exist. Check for a typo or 
(acro)                define the property yourself.

Type <return> to continue.
 ...                                              
                                                  
l.71 }
      

LaTeX does not know anything more about this error, sorry.

Try typing <return> to proceed.
If that doesn't work, type X <return> to quit.


\g__acro_lov_int=\count360

./abbrev.tex:76: Package acro Error: You tried to set the property `class' on l
ine 76.
(acro)                This property does not exist. Check for a typo or 
(acro)                define the property yourself.

Type <return> to continue.
 ...                                              
                                                  
l.76 }
      

LaTeX does not know anything more about this error, sorry.

Try typing <return> to proceed.
If that doesn't work, type X <return> to quit.


\g__acro_owl_int=\count361

./abbrev.tex:81: Package acro Error: You tried to set the property `class' on l
ine 81.
(acro)                This property does not exist. Check for a typo or 
(acro)                define the property yourself.

Type <return> to continue.
 ...                                              
                                                  
l.81 }
      

LaTeX does not know anything more about this error, sorry.

Try typing <return> to proceed.
If that doesn't work, type X <return> to quit.


\g__acro_cern_int=\count362

./abbrev.tex:87: Package acro Error: You tried to set the property `class' on l
ine 87.
(acro)                This property does not exist. Check for a typo or 
(acro)                define the property yourself.

Type <return> to continue.
 ...                                              
                                                  
l.87 }
      

LaTeX does not know anything more about this error, sorry.

Try typing <return> to proceed.
If that doesn't work, type X <return> to quit.


\g__acro_er_int=\count363

./abbrev.tex:92: Package acro Error: You tried to set the property `class' on l
ine 92.
(acro)                This property does not exist. Check for a typo or 
(acro)                define the property yourself.

Type <return> to continue.
 ...                                              
                                                  
l.92 }
      

LaTeX does not know anything more about this error, sorry.

Try typing <return> to proceed.
If that doesn't work, type X <return> to quit.


\g__acro_turtle_int=\count364

./abbrev.tex:97: Package acro Error: You tried to set the property `class' on l
ine 97.
(acro)                This property does not exist. Check for a typo or 
(acro)                define the property yourself.

Type <return> to continue.
 ...                                              
                                                  
l.97 }
      

LaTeX does not know anything more about this error, sorry.

Try typing <return> to proceed.
If that doesn't work, type X <return> to quit.


\g__acro_n3_int=\count365

./abbrev.tex:102: Package acro Error: You tried to set the property `class' on 
line 102.
(acro)                This property does not exist. Check for a typo or 
(acro)                define the property yourself.

Type <return> to continue.
 ...                                              
                                                  
l.102 }
       

LaTeX does not know anything more about this error, sorry.

Try typing <return> to proceed.
If that doesn't work, type X <return> to quit.


\g__acro_vowl_int=\count366

./abbrev.tex:107: Package acro Error: You tried to set the property `class' on 
line 107.
(acro)                This property does not exist. Check for a typo or 
(acro)                define the property yourself.

Type <return> to continue.
 ...                                              
                                                  
l.107 }
       

LaTeX does not know anything more about this error, sorry.

Try typing <return> to proceed.
If that doesn't work, type X <return> to quit.


\g__acro_api_int=\count367

./abbrev.tex:112: Package acro Error: You tried to set the property `class' on 
line 112.
(acro)                This property does not exist. Check for a typo or 
(acro)                define the property yourself.

Type <return> to continue.
 ...                                              
                                                  
l.112 }
       

LaTeX does not know anything more about this error, sorry.

Try typing <return> to proceed.
If that doesn't work, type X <return> to quit.


\g__acro_iri_int=\count368

./abbrev.tex:117: Package acro Error: You tried to set the property `class' on 
line 117.
(acro)                This property does not exist. Check for a typo or 
(acro)                define the property yourself.

Type <return> to continue.
 ...                                              
                                                  
l.117 }
       

LaTeX does not know anything more about this error, sorry.

Try typing <return> to proceed.
If that doesn't work, type X <return> to quit.


\g__acro_iso_int=\count369

./abbrev.tex:122: Package acro Error: You tried to set the property `class' on 
line 122.
(acro)                This property does not exist. Check for a typo or 
(acro)                define the property yourself.

Type <return> to continue.
 ...                                              
                                                  
l.122 }
       

LaTeX does not know anything more about this error, sorry.

Try typing <return> to proceed.
If that doesn't work, type X <return> to quit.


\g__acro_grel_int=\count370

./abbrev.tex:127: Package acro Error: You tried to set the property `class' on 
line 127.
(acro)                This property does not exist. Check for a typo or 
(acro)                define the property yourself.

Type <return> to continue.
 ...                                              
                                                  
l.127 }
       

LaTeX does not know anything more about this error, sorry.

Try typing <return> to proceed.
If that doesn't work, type X <return> to quit.


\g__acro_dl_int=\count371

./abbrev.tex:132: Package acro Error: You tried to set the property `class' on 
line 132.
(acro)                This property does not exist. Check for a typo or 
(acro)                define the property yourself.

Type <return> to continue.
 ...                                              
                                                  
l.132 }
       

LaTeX does not know anything more about this error, sorry.

Try typing <return> to proceed.
If that doesn't work, type X <return> to quit.


\g__acro_swt_int=\count372

./abbrev.tex:137: Package acro Error: You tried to set the property `class' on 
line 137.
(acro)                This property does not exist. Check for a typo or 
(acro)                define the property yourself.

Type <return> to continue.
 ...                                              
                                                  
l.137 }
       

LaTeX does not know anything more about this error, sorry.

Try typing <return> to proceed.
If that doesn't work, type X <return> to quit.


\g__acro_rml_int=\count373

./abbrev.tex:142: Package acro Error: You tried to set the property `class' on 
line 142.
(acro)                This property does not exist. Check for a typo or 
(acro)                define the property yourself.

Type <return> to continue.
 ...                                              
                                                  
l.142 }
       

LaTeX does not know anything more about this error, sorry.

Try typing <return> to proceed.
If that doesn't work, type X <return> to quit.


) (/usr/local/texlive/2021/texmf-dist/tex/latex/amscls/amsthm.sty
Package: amsthm 2020/05/29 v2.20.6
\thm@style=\toks35
\thm@bodyfont=\toks36
\thm@headfont=\toks37
\thm@notefont=\toks38
\thm@headpunct=\toks39
\thm@preskip=\skip98
\thm@postskip=\skip99
\thm@headsep=\skip100
\dth@everypar=\toks40
)
\c@definition=\count374


Package csquotes Warning: Load 'inputenc' before 'csquotes' on input line 61.

Package csquotes Info: Checking for multilingual support...
Package csquotes Info: ... none found.

Package csquotes Warning: No multilingual support.
(csquotes)                Cannot enable multilingual quotes on input line 61.

Package translations Info: No language package found. I am going to use `englis
h' as default language. on input line 61.
LaTeX Font Info:    Trying to load font information for T1+lmr on input line 61
.
(/usr/local/texlive/2021/texmf-dist/tex/latex/lm/t1lmr.fd
File: t1lmr.fd 2015/05/01 v1.6.1 Font defs for Latin Modern
) (./parita-msc.aux
(./abstract.aux) (./ack.aux) (./pd-ack.aux) (./ch4.aux))
\openout1 = `parita-msc.aux'.

LaTeX Font Info:    Checking defaults for OML/cmm/m/it on input line 61.
LaTeX Font Info:    ... okay on input line 61.
LaTeX Font Info:    Checking defaults for OMS/cmsy/m/n on input line 61.
LaTeX Font Info:    ... okay on input line 61.
LaTeX Font Info:    Checking defaults for OT1/cmr/m/n on input line 61.
LaTeX Font Info:    ... okay on input line 61.
LaTeX Font Info:    Checking defaults for T1/cmr/m/n on input line 61.
LaTeX Font Info:    ... okay on input line 61.
LaTeX Font Info:    Checking defaults for TS1/cmr/m/n on input line 61.
LaTeX Font Info:    ... okay on input line 61.
LaTeX Font Info:    Checking defaults for OMX/cmex/m/n on input line 61.
LaTeX Font Info:    ... okay on input line 61.
LaTeX Font Info:    Checking defaults for U/cmr/m/n on input line 61.
LaTeX Font Info:    ... okay on input line 61.
LaTeX Font Info:    Checking defaults for PD1/pdf/m/n on input line 61.
LaTeX Font Info:    ... okay on input line 61.
LaTeX Font Info:    Checking defaults for PU/pdf/m/n on input line 61.
LaTeX Font Info:    ... okay on input line 61.
Package caption Info: Begin \AtBeginDocument code.
Package caption Info: float package is loaded.
Package caption Info: floatrow package is loaded.
Package caption Info: hyperref package is loaded.
Package caption Info: listings package is loaded.
Package caption Info: End \AtBeginDocument code.

(/usr/local/texlive/2021/texmf-dist/tex/context/base/mkii/supp-pdf.mkii
[Loading MPS to PDF converter (version 2006.09.02).]
\scratchcounter=\count375
\scratchdimen=\dimen261
\scratchbox=\box108
\nofMPsegments=\count376
\nofMParguments=\count377
\everyMPshowfont=\toks41
\MPscratchCnt=\count378
\MPscratchDim=\dimen262
\MPnumerator=\count379
\makeMPintoPDFobject=\count380
\everyMPtoPDFconversion=\toks42
) (/usr/local/texlive/2021/texmf-dist/tex/latex/epstopdf-pkg/epstopdf-base.sty
Package: epstopdf-base 2020-01-24 v2.11 Base part for package epstopdf
Package epstopdf-base Info: Redefining graphics rule for `.eps' on input line 4
85.

(/usr/local/texlive/2021/texmf-dist/tex/latex/latexconfig/epstopdf-sys.cfg
File: epstopdf-sys.cfg 2010/07/13 v1.3 Configuration of (r)epstopdf for TeX Liv
e
))
*geometry* driver: auto-detecting
*geometry* detected driver: pdftex
*geometry* verbose mode - [ preamble ] result:
* driver: pdftex
* paper: <default>
* layout: <same size as paper>
* layoutoffset:(h,v)=(0.0pt,0.0pt)
* modes: 
* h-part:(L,W,R)=(85.35826pt, 443.57848pt, 85.35826pt)
* v-part:(T,H,B)=(85.35826pt, 624.25346pt, 85.35826pt)
* \paperwidth=614.295pt
* \paperheight=794.96999pt
* \textwidth=443.57848pt
* \textheight=624.25346pt
* \oddsidemargin=13.08827pt
* \evensidemargin=13.08827pt
* \topmargin=-23.91173pt
* \headheight=12.0pt
* \headsep=25.0pt
* \topskip=12.0pt
* \footskip=30.0pt
* \marginparwidth=44.0pt
* \marginparsep=10.0pt
* \columnsep=10.0pt
* \skip\footins=10.8pt plus 4.0pt minus 2.0pt
* \hoffset=0.0pt
* \voffset=0.0pt
* \mag=1000
* \@twocolumnfalse
* \@twosidefalse
* \@mparswitchfalse
* \@reversemarginfalse
* (1in=72.27pt=25.4mm, 1cm=28.453pt)

\c@lstlisting=\count381
Package hyperref Info: Link coloring OFF on input line 61.
(/usr/local/texlive/2021/texmf-dist/tex/latex/hyperref/nameref.sty
Package: nameref 2021-04-02 v2.47 Cross-referencing by name of section

(/usr/local/texlive/2021/texmf-dist/tex/latex/refcount/refcount.sty
Package: refcount 2019/12/15 v3.6 Data extraction from label references (HO)
)
(/usr/local/texlive/2021/texmf-dist/tex/generic/gettitlestring/gettitlestring.s
ty
Package: gettitlestring 2019/12/15 v1.6 Cleanup title references (HO)
)
\c@section@level=\count382
)
LaTeX Info: Redefining \ref on input line 61.
LaTeX Info: Redefining \pageref on input line 61.
LaTeX Info: Redefining \nameref on input line 61.
 (./parita-msc.out) (./parita-msc.out)
\@outlinefile=\write3
\openout3 = `parita-msc.out'.


(/usr/local/texlive/2021/texmf-dist/tex/latex/translations/translations-basic-d
ictionary-english.trsl
File: translations-basic-dictionary-english.trsl (english translation file `tra
nslations-basic-dictionary')
)
Package translations Info: loading dictionary `translations-basic-dictionary' f
or `english'. on input line 61.
LaTeX Font Info:    Trying to load font information for TS1+lmr on input line 9
1.

(/usr/local/texlive/2021/texmf-dist/tex/latex/lm/ts1lmr.fd
File: ts1lmr.fd 2015/05/01 v1.6.1 Font defs for Latin Modern
) [1

{/usr/local/texlive/2021/texmf-var/fonts/map/pdftex/updmap/pdftex.map}]
\openout2 = `abstract.aux'.

 (./abstract.tex
LaTeX Font Info:    Trying to load font information for OT1+lmr on input line 1
1.

(/usr/local/texlive/2021/texmf-dist/tex/latex/lm/ot1lmr.fd
File: ot1lmr.fd 2015/05/01 v1.6.1 Font defs for Latin Modern
)
LaTeX Font Info:    Trying to load font information for OML+lmm on input line 1
1.

(/usr/local/texlive/2021/texmf-dist/tex/latex/lm/omllmm.fd
File: omllmm.fd 2015/05/01 v1.6.1 Font defs for Latin Modern
)
LaTeX Font Info:    Trying to load font information for OMS+lmsy on input line 
11.

(/usr/local/texlive/2021/texmf-dist/tex/latex/lm/omslmsy.fd
File: omslmsy.fd 2015/05/01 v1.6.1 Font defs for Latin Modern
)
LaTeX Font Info:    Trying to load font information for OMX+lmex on input line 
11.

(/usr/local/texlive/2021/texmf-dist/tex/latex/lm/omxlmex.fd
File: omxlmex.fd 2015/05/01 v1.6.1 Font defs for Latin Modern
)
LaTeX Font Info:    External font `lmex10' loaded for size
(Font)              <12> on input line 11.
LaTeX Font Info:    External font `lmex10' loaded for size
(Font)              <8> on input line 11.
LaTeX Font Info:    External font `lmex10' loaded for size
(Font)              <6> on input line 11.
LaTeX Font Info:    Trying to load font information for U+msa on input line 11.


(/usr/local/texlive/2021/texmf-dist/tex/latex/amsfonts/umsa.fd
File: umsa.fd 2013/01/14 v3.01 AMS symbols A
)
LaTeX Font Info:    Trying to load font information for U+msb on input line 11.


(/usr/local/texlive/2021/texmf-dist/tex/latex/amsfonts/umsb.fd
File: umsb.fd 2013/01/14 v3.01 AMS symbols B
)
LaTeX Font Info:    External font `lmex10' loaded for size
(Font)              <10> on input line 11.
LaTeX Font Info:    External font `lmex10' loaded for size
(Font)              <7> on input line 11.
LaTeX Font Info:    External font `lmex10' loaded for size
(Font)              <5> on input line 11.
LaTeX Font Info:    Trying to load font information for T1+lmtt on input line 1
1.

(/usr/local/texlive/2021/texmf-dist/tex/latex/lm/t1lmtt.fd
File: t1lmtt.fd 2015/05/01 v1.6.1 Font defs for Latin Modern
)) [1

]
\openout2 = `ack.aux'.

 (./ack.tex)
[2



]
\openout2 = `pd-ack.aux'.

 (./pd-ack.tex) [3



] (./parita-msc.toc)
\tf@toc=\write4
\openout4 = `parita-msc.toc'.

 [4



] (./parita-msc.lof)
\tf@lof=\write5
\openout5 = `parita-msc.lof'.

 [5


]
(./parita-msc.lot)
\tf@lot=\write6
\openout6 = `parita-msc.lot'.

 [6


]

./parita-msc.tex:123: LaTeX3 Error: The key 'acro/list/include-classes' is unkn
own and is being
(LaTeX3)        ignored.

For immediate help type H <return>.
 ...                                              
                                                  
l.123 ...ist of Abbreviations},heading={chapter*}]
                                                  

The module 'acro/list' does not have a key called 'acro/list/include-classes'.
Check that you have spelled the key name correctly.


[7


]
\openout2 = `ch1.aux'.

 (./ch1.tex
Chapter 1.
pdfTeX warning (ext4): destination with the same identifier (name{page.1}) has 
been already used, duplicate ignored
<to be read again> 
                   \relax 
l.37 
      [1



] [2] [3]) [4]
\openout2 = `ch2.aux'.

 (./ch2.tex
Chapter 2.

LaTeX Warning: Reference `semantic-web' on page 5 undefined on input line 30.

<images/ch2/semantic-web.png, id=217, 626.34pt x 318.18875pt>
File: images/ch2/semantic-web.png Graphic file (type png)
<use images/ch2/semantic-web.png>
Package pdftex.def Info: images/ch2/semantic-web.png  used on input line 34.
(pdftex.def)             Requested size: 426.79134pt x 216.82185pt.
[5




]

LaTeX Warning: Reference `web-stack' on page 6 undefined on input line 52.

<images/ch2/web-stack.png, id=235, 601.24625pt x 327.2225pt>
File: images/ch2/web-stack.png Graphic file (type png)
<use images/ch2/web-stack.png>
Package pdftex.def Info: images/ch2/web-stack.png  used on input line 57.
(pdftex.def)             Requested size: 426.79134pt x 232.28465pt.
[6 <./images/ch2/semantic-web.png>] [7 <./images/ch2/web-stack.png>]

LaTeX Warning: Reference `principles' on page 8 undefined on input line 95.


LaTeX Warning: Reference `sec:rdf' on page 8 undefined on input line 125.

[8] [9]
Overfull \hbox (1.31747pt too wide) in paragraph at lines 180--187
[]\T1/lmr/m/n/12 The RDF, ini-tially de-signed as a meta-data data model, is a 
computer-understandable
 []


LaTeX Warning: Reference `subsec:uri' on page 10 undefined on input line 193.

[10]

LaTeX Warning: Reference `rdf-xml-doc' on page 11 undefined on input line 228.

<images/ch2/rdf-xml-doc.png, id=302, 601.24625pt x 130.4875pt>
File: images/ch2/rdf-xml-doc.png Graphic file (type png)
<use images/ch2/rdf-xml-doc.png>
Package pdftex.def Info: images/ch2/rdf-xml-doc.png  used on input line 244.
(pdftex.def)             Requested size: 426.79134pt x 92.62883pt.

LaTeX Warning: Reference `rdf-triple' on page 11 undefined on input line 249.

<images/ch2/rdf-triple.png, id=303, 568.1225pt x 107.40125pt>
File: images/ch2/rdf-triple.png Graphic file (type png)
<use images/ch2/rdf-triple.png>
Package pdftex.def Info: images/ch2/rdf-triple.png  used on input line 261.
(pdftex.def)             Requested size: 426.79134pt x 80.68674pt.

LaTeX Warning: Reference `rdf-graph' on page 11 undefined on input line 266.

[11]
<images/ch2/rdf-graph.png, id=315, 572.1375pt x 188.705pt>
File: images/ch2/rdf-graph.png Graphic file (type png)
<use images/ch2/rdf-graph.png>
Package pdftex.def Info: images/ch2/rdf-graph.png  used on input line 273.
(pdftex.def)             Requested size: 426.79134pt x 140.76823pt.
 [12 <./images/ch2/rdf-xml-doc.png> <./images/ch2/rdf-triple.png> <./images/ch2
/rdf-graph.png>]
Overfull \hbox (1.19057pt too wide) in paragraph at lines 288--305
 [][] 
 []


LaTeX Warning: Reference `rdfs-classes-and-properties' on page 13 undefined on 
input line 316.


LaTeX Warning: Reference `rdfs-graph-for-complex' on page 13 undefined on input
 line 318.

[13]

LaTeX Warning: Reference `rdfs-graph-for-complex' on page 14 undefined on input
 line 327.


Overfull \hbox (4.60803pt too wide) in paragraph at lines 327--338
\T1/lmr/m/n/12 the graph, the rdf:type of ``Romeo and Juliet'' is ``Play'' whic
h in turn is an rdf:subClassOf
 []

<images/ch2/rdfs-graph-for-complex.png, id=339, 739.76375pt x 411.5375pt>
File: images/ch2/rdfs-graph-for-complex.png Graphic file (type png)
<use images/ch2/rdfs-graph-for-complex.png>
Package pdftex.def Info: images/ch2/rdfs-graph-for-complex.png  used on input l
ine 341.
(pdftex.def)             Requested size: 426.79134pt x 237.42973pt.

LaTeX Warning: Reference `rdf-xml-doc' on page 14 undefined on input line 348.


LaTeX Warning: Reference `rdf-triple' on page 14 undefined on input line 348.


LaTeX Warning: Reference `rdf-graph' on page 14 undefined on input line 348.


LaTeX Warning: Reference `rdfs-graph-for-complex' on page 14 undefined on input
 line 348.


LaTeX Warning: Reference `statement-for-rdf' on page 14 undefined on input line
 350.

<images/ch2/statement-for-rdf.png, id=342, 501.875pt x 88.33pt>
File: images/ch2/statement-for-rdf.png Graphic file (type png)
<use images/ch2/statement-for-rdf.png>
Package pdftex.def Info: images/ch2/statement-for-rdf.png  used on input line 3
61.
(pdftex.def)             Requested size: 426.79134pt x 75.11858pt.
[14 <./images/ch2/rdfs-graph-for-complex.png>]

LaTeX Warning: Reference `statement-for-rdf' on page 15 undefined on input line
 367.


LaTeX Warning: Reference `triple-for-rdf-statement' on page 15 undefined on inp
ut line 368.

<images/ch2/triple-for-rdf-statement.png, id=348, 501.875pt x 104.39pt>
File: images/ch2/triple-for-rdf-statement.png Graphic file (type png)
<use images/ch2/triple-for-rdf-statement.png>
Package pdftex.def Info: images/ch2/triple-for-rdf-statement.png  used on input
 line 374.
(pdftex.def)             Requested size: 426.79134pt x 88.77649pt.

LaTeX Warning: Reference `statement-for-rdf' on page 15 undefined on input line
 375.


LaTeX Warning: Reference `statement-for-rdf' on page 15 undefined on input line
 375.


LaTeX Warning: Reference `rdf-graph-for-statement' on page 15 undefined on inpu
t line 379.


LaTeX Warning: Reference `triple-for-rdf-statement' on page 15 undefined on inp
ut line 381.


LaTeX Warning: Reference `statement-for-rdf' on page 15 undefined on input line
 387.

<images/ch2/rdf-graph-for-statement.png, id=351, 400.49625pt x 206.7725pt>
File: images/ch2/rdf-graph-for-statement.png Graphic file (type png)
<use images/ch2/rdf-graph-for-statement.png>
Package pdftex.def Info: images/ch2/rdf-graph-for-statement.png  used on input 
line 398.
(pdftex.def)             Requested size: 398.33858pt x 205.67085pt.

LaTeX Warning: Reference `statement-for-rdf' on page 15 undefined on input line
 399.


LaTeX Warning: Reference `statement-for-rdf' on page 15 undefined on input line
 399.


LaTeX Warning: Reference `graph-for-relative-statements' on page 15 undefined o
n input line 403.


LaTeX Warning: Reference `rdf-notations' on page 15 undefined on input line 404
.


LaTeX Warning: Reference `graph-for-relative-statements' on page 15 undefined o
n input line 405.

[15 <./images/ch2/statement-for-rdf.png> <./images/ch2/triple-for-rdf-statement
.png>]
<images/ch2/graph-for-relative-statements.png, id=360, 618.31pt x 158.5925pt>
File: images/ch2/graph-for-relative-statements.png Graphic file (type png)
<use images/ch2/graph-for-relative-statements.png>
Package pdftex.def Info: images/ch2/graph-for-relative-statements.png  used on 
input line 418.
(pdftex.def)             Requested size: 426.79134pt x 109.47247pt.


LaTeX Warning: Reference `graph-for-relative-statements' on page 16 undefined o
n input line 429.


LaTeX Warning: Reference `graph-for-relative-statements' on page 16 undefined o
n input line 429.


LaTeX Warning: Reference `graph-for-respondent-details' on page 16 undefined on
 input line 437.

[16 <./images/ch2/rdf-graph-for-statement.png> <./images/ch2/graph-for-relative
-statements.png>]
<images/ch2/graph-for-respondent-details.png, id=373, 687.56876pt x 386.44376pt
>
File: images/ch2/graph-for-respondent-details.png Graphic file (type png)
<use images/ch2/graph-for-respondent-details.png>
Package pdftex.def Info: images/ch2/graph-for-respondent-details.png  used on i
nput line 442.
(pdftex.def)             Requested size: 426.79134pt x 239.87569pt.


LaTeX Warning: Reference `blank-node-for-rdf' on page 17 undefined on input lin
e 473.


Overfull \hbox (1.1465pt too wide) in paragraph at lines 447--476
\T1/lmr/m/n/12 Name is the pred-i-cate. The URI for re-sp-Name is ``http://www.
semanticweb.org/respDe-
 []


Overfull \hbox (0.4409pt too wide) in paragraph at lines 447--476
\T1/lmr/m/n/12 ``http://www.semanticweb.org/respDetails/street'', ``http://www.
semanticweb.org/res-
 []

[17 <./images/ch2/graph-for-respondent-details.png>]
<images/ch2/blank-node-for-rdf.png, id=383, 687.56876pt x 400.49625pt>
File: images/ch2/blank-node-for-rdf.png Graphic file (type png)
<use images/ch2/blank-node-for-rdf.png>
Package pdftex.def Info: images/ch2/blank-node-for-rdf.png  used on input line 
479.
(pdftex.def)             Requested size: 426.79134pt x 248.59843pt.


LaTeX Warning: Reference `graph-for-respondent-details' on page 18 undefined on
 input line 480.


LaTeX Warning: Reference `graph-for-respondent-details' on page 18 undefined on
 input line 480.


LaTeX Warning: Reference `definitions-for-uri' on page 18 undefined on input li
ne 516.

[18 <./images/ch2/blank-node-for-rdf.png>]
Overfull \hbox (45.91994pt too wide) in paragraph at lines 523--523
[]|\T1/lmr/m/n/12 Resource|  
 []


Overfull \hbox (46.34317pt too wide) in paragraph at lines 528--528
[]|\T1/lmr/m/n/12 Identifier|  
 []


LaTeX Warning: `!h' float specifier changed to `!ht'.


LaTeX Warning: Reference `syntax-diagram' on page 19 undefined on input line 55
2.

<images/ch2/syntax-diagram.png, id=403, 733.74126pt x 115.43124pt>
File: images/ch2/syntax-diagram.png Graphic file (type png)
<use images/ch2/syntax-diagram.png>
Package pdftex.def Info: images/ch2/syntax-diagram.png  used on input line 556.

(pdftex.def)             Requested size: 426.79134pt x 67.1439pt.

LaTeX Warning: Reference `components-of-url-example' on page 19 undefined on in
put line 562.

<images/ch2/components-of-url-example.png, id=406, 696.6025pt x 182.6825pt>
File: images/ch2/components-of-url-example.png Graphic file (type png)
<use images/ch2/components-of-url-example.png>
Package pdftex.def Info: images/ch2/components-of-url-example.png  used on inpu
t line 571.
(pdftex.def)             Requested size: 426.79134pt x 111.92397pt.

LaTeX Warning: Reference `table:linked-data-lifecycle' on page 19 undefined on 
input line 582.


LaTeX Warning: Reference `table:linked-data-lifecycle' on page 19 undefined on 
input line 594.

[19]

LaTeX Warning: `!h' float specifier changed to `!ht'.

[20] [21 <./images/ch2/syntax-diagram.png> <./images/ch2/components-of-url-exam
ple.png>] [22]

LaTeX Warning: Reference `owl-individuals' on page 23 undefined on input line 6
57.

<images/ch2/owl-individuals.png, id=457, 307.1475pt x 159.59625pt>
File: images/ch2/owl-individuals.png Graphic file (type png)
<use images/ch2/owl-individuals.png>
Package pdftex.def Info: images/ch2/owl-individuals.png  used on input line 663
.
(pdftex.def)             Requested size: 227.62204pt x 118.27469pt.

LaTeX Warning: Reference `owl-individuals' on page 23 undefined on input line 6
74.


LaTeX Warning: Reference `owl-properties' on page 23 undefined on input line 68
3.

<images/ch2/owl-properties.png, id=459, 307.1475pt x 201.75375pt>
File: images/ch2/owl-properties.png Graphic file (type png)
<use images/ch2/owl-properties.png>
Package pdftex.def Info: images/ch2/owl-properties.png  used on input line 691.

(pdftex.def)             Requested size: 227.62204pt x 149.51707pt.
[23 <./images/ch2/owl-individuals.png>] [24 <./images/ch2/owl-properties.png>]

LaTeX Warning: Reference `owl-classes-with-individuals-and-properties' on page 
25 undefined on input line 725.


LaTeX Warning: Reference `owl-properties' on page 25 undefined on input line 72
6.

<images/ch2/owl-classes-with-individuals-and-properties.png, id=480, 307.1475pt
 x 312.16624pt>
File: images/ch2/owl-classes-with-individuals-and-properties.png Graphic file (
type png)
<use images/ch2/owl-classes-with-individuals-and-properties.png>
Package pdftex.def Info: images/ch2/owl-classes-with-individuals-and-properties
.png  used on input line 730.
(pdftex.def)             Requested size: 227.62204pt x 231.34236pt.
[25 <./images/ch2/owl-classes-with-individuals-and-properties.png>]

./ch2.tex:750: Package acro Error: You've requested acronym `csv' on line 750 b
ut you
(acro)                apparently haven't defined it, yet!
(acro)                Maybe you've misspelled `csv'?

Type <return> to continue.
 ...                                              
                                                  
l.750 ... to store and publish data using \ac{csv}
                                                  

LaTeX does not know anything more about this error, sorry.

Try typing <return> to proceed.
If that doesn't work, type X <return> to quit.



./ch2.tex:770: Package acro Error: You've requested acronym `csv' on line 770 b
ut you
(acro)                apparently haven't defined it, yet!
(acro)                Maybe you've misspelled `csv'?

Type <return> to continue.
 ...                                              
                                                  
l.770     \ac{csv},
                    Excel, spreadsheets and other tabular data into \ac{rdf}

LaTeX does not know anything more about this error, sorry.

Try typing <return> to proceed.
If that doesn't work, type X <return> to quit.



./ch2.tex:771: Package acro Error: You've requested acronym `gui' on line 771 b
ut you
(acro)                apparently haven't defined it, yet!
(acro)                Maybe you've misspelled `gui'?

Type <return> to continue.
 ...                                              
                                                  
l.771     where a \ac{gui} 
                           is used to define schema mapping.

LaTeX does not know anything more about this error, sorry.

Try typing <return> to proceed.
If that doesn't work, type X <return> to quit.



./ch2.tex:776: Package acro Error: You've requested acronym `csv' on line 776 b
ut you
(acro)                apparently haven't defined it, yet!
(acro)                Maybe you've misspelled `csv'?

Type <return> to continue.
 ...                                              
                                                  
l.776 ...nd servlet for the conversion of \ac{csv}
                                                  

LaTeX does not know anything more about this error, sorry.

Try typing <return> to proceed.
If that doesn't work, type X <return> to quit.


[26]

./ch2.tex:801: Package acro Error: You've requested acronym `csv' on line 801 b
ut you
(acro)                apparently haven't defined it, yet!
(acro)                Maybe you've misspelled `csv'?

Type <return> to continue.
 ...                                              
                                                  
l.801 ...ata like Excel, OpenDocument and \ac{csv}
                                                  

LaTeX does not know anything more about this error, sorry.

Try typing <return> to proceed.
If that doesn't work, type X <return> to quit.



./ch2.tex:814: Package acro Error: You've requested acronym `csv' on line 814 b
ut you
(acro)                apparently haven't defined it, yet!
(acro)                Maybe you've misspelled `csv'?

Type <return> to continue.
 ...                                              
                                                  
l.814 ...plication for the conversion of \ac{csv} 
                                                  to \ac{rdf}

LaTeX does not know anything more about this error, sorry.

Try typing <return> to proceed.
If that doesn't work, type X <return> to quit.


[27] [28] [29]

LaTeX Warning: Reference `wikidata-uofr' on page 30 undefined on input line 903
.

<images/ch2/wikidata-uofr.png, id=560, 615.29875pt x 792.9625pt>
File: images/ch2/wikidata-uofr.png Graphic file (type png)
<use images/ch2/wikidata-uofr.png>
Package pdftex.def Info: images/ch2/wikidata-uofr.png  used on input line 909.
(pdftex.def)             Requested size: 426.79134pt x 550.03651pt.

LaTeX Warning: Reference `wikidata-uofr' on page 30 undefined on input line 925
.


LaTeX Warning: Reference `uofr-statement-properties-and-id' on page 30 undefine
d on input line 935.


LaTeX Warning: `!h' float specifier changed to `!ht'.


LaTeX Warning: Reference `uofr-identifier-properties-and-id' on page 30 undefin
ed on input line 962.

[30] [31 <./images/ch2/wikidata-uofr.png>]

LaTeX Warning: `!h' float specifier changed to `!ht'.


LaTeX Warning: Reference `rdf-xml-uofr' on page 32 undefined on input line 998.


<images/ch2/rdf-xml-uofr.png, id=570, 626.34pt x 485.815pt>
File: images/ch2/rdf-xml-uofr.png Graphic file (type png)
<use images/ch2/rdf-xml-uofr.png>
Package pdftex.def Info: images/ch2/rdf-xml-uofr.png  used on input line 1004.
(pdftex.def)             Requested size: 426.79134pt x 331.04665pt.
[32] [33 <./images/ch2/rdf-xml-uofr.png>]
Underfull \hbox (badness 10000) in paragraph at lines 1024--1024
[][][]\T1/lmr/m/n/10 https://www.dummies.com/programming/big-data/data-science/
how-pattern-matching-works-
 []

[34]

LaTeX Warning: Reference `dbpedia-uofr' on page 35 undefined on input line 1043
.

<images/ch2/dbpedia-uofr.png, id=603, 679.53876pt x 664.4825pt>
File: images/ch2/dbpedia-uofr.png Graphic file (type png)
<use images/ch2/dbpedia-uofr.png>
Package pdftex.def Info: images/ch2/dbpedia-uofr.png  used on input line 1052.
(pdftex.def)             Requested size: 426.79134pt x 417.3385pt.

LaTeX Warning: Reference `depedia-architecture' on page 35 undefined on input l
ine 1057.

<images/ch2/depedia-architecture.png, id=605, 626.34pt x 321.2pt>
File: images/ch2/depedia-architecture.png Graphic file (type png)
<use images/ch2/depedia-architecture.png>
Package pdftex.def Info: images/ch2/depedia-architecture.png  used on input lin
e 1068.
(pdftex.def)             Requested size: 426.79134pt x 218.87381pt.
) [35] [36 <./images/ch2/dbpedia-uofr.png>] [37 <./images/ch2/depedia-architect
ure.png>]
\openout2 = `ch3.aux'.

 (./ch3.tex
Chapter 3.
[38




] [39] [40]

LaTeX Warning: Reference `protege-homescreen' on page 41 undefined on input lin
e 139.

[41]
<images/ch3/protege/protege-homescreen.png, id=667, 1439.3775pt x 791.95876pt>
File: images/ch3/protege/protege-homescreen.png Graphic file (type png)
<use images/ch3/protege/protege-homescreen.png>
Package pdftex.def Info: images/ch3/protege/protege-homescreen.png  used on inp
ut line 145.
(pdftex.def)             Requested size: 426.79134pt x 234.82216pt.


LaTeX Warning: Reference `class-hierarchy' on page 42 undefined on input line 1
65.

<images/ch3/protege/class-hierarchy.png, id=668, 821.0675pt x 448.67625pt>
File: images/ch3/protege/class-hierarchy.png Graphic file (type png)
<use images/ch3/protege/class-hierarchy.png>
Package pdftex.def Info: images/ch3/protege/class-hierarchy.png  used on input 
line 171.
(pdftex.def)             Requested size: 426.79134pt x 233.21715pt.

LaTeX Warning: Reference `tools-menu-class-hierarchy' on page 42 undefined on i
nput line 180.

[42 <./images/ch3/protege/protege-homescreen.png>]
<images/ch3/protege/tools-menu-class-hierarchy.png, id=678, 541.02126pt x 199.7
4625pt>
File: images/ch3/protege/tools-menu-class-hierarchy.png Graphic file (type png)

<use images/ch3/protege/tools-menu-class-hierarchy.png>
Package pdftex.def Info: images/ch3/protege/tools-menu-class-hierarchy.png  use
d on input line 186.
(pdftex.def)             Requested size: 426.79134pt x 157.5753pt.


LaTeX Warning: Reference `enter-hierarchy-pop-up' on page 43 undefined on input
 line 195.

<images/ch3/protege/enter-hierarchy-pop-up.png, id=679, 523.9575pt x 364.36125p
t>
File: images/ch3/protege/enter-hierarchy-pop-up.png Graphic file (type png)
<use images/ch3/protege/enter-hierarchy-pop-up.png>
Package pdftex.def Info: images/ch3/protege/enter-hierarchy-pop-up.png  used on
 input line 199.
(pdftex.def)             Requested size: 426.79134pt x 296.7989pt.

LaTeX Warning: Reference `enter-hierarchy-pop-up' on page 43 undefined on input
 line 205.


LaTeX Warning: Reference `create-disjoint-siblings' on page 43 undefined on inp
ut line 212.

[43 <./images/ch3/protege/class-hierarchy.png> <./images/ch3/protege/tools-menu
-class-hierarchy.png>] [44 <./images/ch3/protege/enter-hierarchy-pop-up.png>]
<images/ch3/protege/create-disjoint-siblings.png, id=695, 658.46pt x 364.36125p
t>
File: images/ch3/protege/create-disjoint-siblings.png Graphic file (type png)
<use images/ch3/protege/create-disjoint-siblings.png>
Package pdftex.def Info: images/ch3/protege/create-disjoint-siblings.png  used 
on input line 216.
(pdftex.def)             Requested size: 426.79134pt x 236.1704pt.


LaTeX Warning: Reference `class-hierarchy' on page 45 undefined on input line 2
31.


LaTeX Warning: Reference `tools-menu-object-property-hierarchy' on page 45 unde
fined on input line 242.


LaTeX Warning: Reference `enter-hierarchy-pop-up' on page 45 undefined on input
 line 244.


LaTeX Warning: Reference `create-disjoint-siblings' on page 45 undefined on inp
ut line 244.

[45 <./images/ch3/protege/create-disjoint-siblings.png>]
<images/ch3/protege/tools-menu-object-property-hierarchy.png, id=704, 537.00626
pt x 195.73125pt>
File: images/ch3/protege/tools-menu-object-property-hierarchy.png Graphic file 
(type png)
<use images/ch3/protege/tools-menu-object-property-hierarchy.png>
Package pdftex.def Info: images/ch3/protege/tools-menu-object-property-hierarch
y.png  used on input line 248.
(pdftex.def)             Requested size: 426.79134pt x 155.56079pt.


LaTeX Warning: Reference `object-properties-for-lady-and-parita' on page 46 und
efined on input line 270.

<images/ch3/protege/object-properties-for-lady-and-parita.png, id=705, 474.7737
4pt x 179.67125pt>
File: images/ch3/protege/object-properties-for-lady-and-parita.png Graphic file
 (type png)
<use images/ch3/protege/object-properties-for-lady-and-parita.png>
Package pdftex.def Info: images/ch3/protege/object-properties-for-lady-and-pari
ta.png  used on input line 274.
(pdftex.def)             Requested size: 426.79134pt x 161.51892pt.

LaTeX Warning: Reference `domain-and-range-for-hasName-and-isNameOf' on page 46
 undefined on input line 297.

[46 <./images/ch3/protege/tools-menu-object-property-hierarchy.png>]
<images/ch3/protege/domain-and-range-for-hasName-and-isNameOf.png, id=714, 474.
77374pt x 320.19624pt>
File: images/ch3/protege/domain-and-range-for-hasName-and-isNameOf.png Graphic 
file (type png)
<use images/ch3/protege/domain-and-range-for-hasName-and-isNameOf.png>
Package pdftex.def Info: images/ch3/protege/domain-and-range-for-hasName-and-is
NameOf.png  used on input line 307.
(pdftex.def)             Requested size: 341.43306pt x 230.27727pt.


LaTeX Warning: Reference `tools-menu-data-property-hierarchy' on page 47 undefi
ned on input line 324.


LaTeX Warning: Reference `enter-hierarchy-pop-up' on page 47 undefined on input
 line 326.


LaTeX Warning: Reference `create-disjoint-siblings' on page 47 undefined on inp
ut line 326.

[47 <./images/ch3/protege/object-properties-for-lady-and-parita.png>]
<images/ch3/protege/tools-menu-data-property-hierarchy.png, id=727, 538.01pt x 
196.735pt>
File: images/ch3/protege/tools-menu-data-property-hierarchy.png Graphic file (t
ype png)
<use images/ch3/protege/tools-menu-data-property-hierarchy.png>
Package pdftex.def Info: images/ch3/protege/tools-menu-data-property-hierarchy.
png  used on input line 330.
(pdftex.def)             Requested size: 426.79134pt x 156.06734pt.


./ch3.tex:346: Package acro Error: You've requested acronym `ide' on line 346 b
ut you
(acro)                apparently haven't defined it, yet!
(acro)                Maybe you've misspelled `ide'?

Type <return> to continue.
 ...                                              
                                                  
l.346 ...current version of the protÃ©gÃ© \ac{ide}
                                                  

LaTeX does not know anything more about this error, sorry.

Try typing <return> to proceed.
If that doesn't work, type X <return> to quit.


[48 <./images/ch3/protege/domain-and-range-for-hasName-and-isNameOf.png> <./ima
ges/ch3/protege/tools-menu-data-property-hierarchy.png>]

./ch3.tex:357: Package acro Error: You've requested acronym `obda' on line 357 
but you
(acro)                apparently haven't defined it, yet!
(acro)                Maybe you've misspelled `obda'?

Type <return> to continue.
 ...                                              
                                                  
l.357 ...astro\_DL-Lite\_Reasoner} : An \ac{obda} 
                                                  management system in which...


LaTeX does not know anything more about this error, sorry.

Try typing <return> to proceed.
If that doesn't work, type X <return> to quit.


[49]

LaTeX Warning: Reference `openrefine-homepage' on page 50 undefined on input li
ne 394.

<images/ch3/openrefine/homepage.png, id=758, 542.025pt x 308.15125pt>
File: images/ch3/openrefine/homepage.png Graphic file (type png)
<use images/ch3/openrefine/homepage.png>
Package pdftex.def Info: images/ch3/openrefine/homepage.png  used on input line
 399.
(pdftex.def)             Requested size: 426.79134pt x 242.64687pt.
[50]

LaTeX Warning: Reference `openrefine-new-project' on page 51 undefined on input
 line 413.


./ch3.tex:415: Package acro Error: You've requested acronym `tsv' on line 415 b
ut you
(acro)                apparently haven't defined it, yet!
(acro)                Maybe you've misspelled `tsv'?

Type <return> to continue.
 ...                                              
                                                  
l.415     \ac{tsv},
                    \ac{csv}, \ac{json}, \ac{xml}, \ac{rdf}/\ac{xml}, Excel,...


LaTeX does not know anything more about this error, sorry.

Try typing <return> to proceed.
If that doesn't work, type X <return> to quit.



./ch3.tex:415: Package acro Error: You've requested acronym `csv' on line 415 b
ut you
(acro)                apparently haven't defined it, yet!
(acro)                Maybe you've misspelled `csv'?

Type <return> to continue.
 ...                                              
                                                  
l.415     \ac{tsv}, \ac{csv},
                              \ac{json}, \ac{xml}, \ac{rdf}/\ac{xml}, Excel,...


LaTeX does not know anything more about this error, sorry.

Try typing <return> to proceed.
If that doesn't work, type X <return> to quit.



./ch3.tex:415: Package acro Error: You've requested acronym `json' on line 415 
but you
(acro)                apparently haven't defined it, yet!
(acro)                Maybe you've misspelled `json'?

Type <return> to continue.
 ...                                              
                                                  
l.415     \ac{tsv}, \ac{csv}, \ac{json},
                                         \ac{xml}, \ac{rdf}/\ac{xml}, Excel,...


LaTeX does not know anything more about this error, sorry.

Try typing <return> to proceed.
If that doesn't work, type X <return> to quit.


<images/ch3/openrefine/new-project.png, id=769, 700.6175pt x 323.2075pt>
File: images/ch3/openrefine/new-project.png Graphic file (type png)
<use images/ch3/openrefine/new-project.png>
Package pdftex.def Info: images/ch3/openrefine/new-project.png  used on input l
ine 420.
(pdftex.def)             Requested size: 426.79134pt x 196.88997pt.

LaTeX Warning: Reference `openrefine-update-preview' on page 51 undefined on in
put line 425.

<images/ch3/openrefine/update-preview.png, id=770, 1270.7475pt x 293.095pt>
File: images/ch3/openrefine/update-preview.png Graphic file (type png)
<use images/ch3/openrefine/update-preview.png>
Package pdftex.def Info: images/ch3/openrefine/update-preview.png  used on inpu
t line 431.
(pdftex.def)             Requested size: 426.79134pt x 98.43898pt.

LaTeX Warning: Reference `openrefine-name-project' on page 51 undefined on inpu
t line 437.

<images/ch3/openrefine/name-project.png, id=771, 1075.01625pt x 138.5175pt>
File: images/ch3/openrefine/name-project.png Graphic file (type png)
<use images/ch3/openrefine/name-project.png>
Package pdftex.def Info: images/ch3/openrefine/name-project.png  used on input 
line 441.
(pdftex.def)             Requested size: 426.79134pt x 54.99174pt.
[51 <./images/ch3/openrefine/homepage.png>] [52 <./images/ch3/openrefine/new-pr
oject.png> <./images/ch3/openrefine/update-preview.png> <./images/ch3/openrefin
e/name-project.png>]

LaTeX Warning: Reference `openrefine-facet' on page 53 undefined on input line 
460.

<images/ch3/openrefine/facet.png, id=790, 693.59125pt x 318.18875pt>
File: images/ch3/openrefine/facet.png Graphic file (type png)
<use images/ch3/openrefine/facet.png>
Package pdftex.def Info: images/ch3/openrefine/facet.png  used on input line 46
5.
(pdftex.def)             Requested size: 426.79134pt x 195.799pt.

LaTeX Warning: Reference `openrefine-facet-result' on page 53 undefined on inpu
t line 470.


LaTeX Warning: Reference `openrefine-include-result' on page 53 undefined on in
put line 475.

<images/ch3/openrefine/facet-result.png, id=791, 778.91pt x 400.49625pt>
File: images/ch3/openrefine/facet-result.png Graphic file (type png)
<use images/ch3/openrefine/facet-result.png>
Package pdftex.def Info: images/ch3/openrefine/facet-result.png  used on input 
line 481.
(pdftex.def)             Requested size: 426.79134pt x 219.4425pt.
<images/ch3/openrefine/include-result.png, id=792, 822.07124pt x 238.8925pt>
File: images/ch3/openrefine/include-result.png Graphic file (type png)
<use images/ch3/openrefine/include-result.png>
Package pdftex.def Info: images/ch3/openrefine/include-result.png  used on inpu
t line 488.
(pdftex.def)             Requested size: 426.79134pt x 124.02432pt.

LaTeX Warning: Reference `openrefine-clean-data' on page 53 undefined on input 
line 502.

<images/ch3/openrefine/clean-data.png, id=793, 954.56625pt x 110.4125pt>
File: images/ch3/openrefine/clean-data.png Graphic file (type png)
<use images/ch3/openrefine/clean-data.png>
Package pdftex.def Info: images/ch3/openrefine/clean-data.png  used on input li
ne 507.
(pdftex.def)             Requested size: 426.79134pt x 49.36505pt.

LaTeX Warning: Reference `openrefine-textfilter-result' on page 53 undefined on
 input line 512.

<images/ch3/openrefine/textfilter-result.png, id=794, 1259.70625pt x 178.6675pt
>
File: images/ch3/openrefine/textfilter-result.png Graphic file (type png)
<use images/ch3/openrefine/textfilter-result.png>
Package pdftex.def Info: images/ch3/openrefine/textfilter-result.png  used on i
nput line 519.
(pdftex.def)             Requested size: 426.79134pt x 60.5335pt.
[53 <./images/ch3/openrefine/facet.png>] [54 <./images/ch3/openrefine/facet-res
ult.png> <./images/ch3/openrefine/include-result.png> <./images/ch3/openrefine/
clean-data.png>]

LaTeX Warning: Reference `openrefine-transform' on page 55 undefined on input l
ine 531.

<images/ch3/openrefine/transform.png, id=814, 552.0625pt x 437.635pt>
File: images/ch3/openrefine/transform.png Graphic file (type png)
<use images/ch3/openrefine/transform.png>
Package pdftex.def Info: images/ch3/openrefine/transform.png  used on input lin
e 536.
(pdftex.def)             Requested size: 426.79134pt x 338.34225pt.

LaTeX Warning: Reference `openrefine-custom-text-transform' on page 55 undefine
d on input line 541.

<images/ch3/openrefine/custom-text-transform.png, id=815, 577.15625pt x 337.26p
t>
File: images/ch3/openrefine/custom-text-transform.png Graphic file (type png)
<use images/ch3/openrefine/custom-text-transform.png>
Package pdftex.def Info: images/ch3/openrefine/custom-text-transform.png  used 
on input line 551.
(pdftex.def)             Requested size: 426.79134pt x 249.40381pt.

LaTeX Warning: Reference `openrefine-transform-result' on page 55 undefined on 
input line 564.

<images/ch3/openrefine/transform-result.png, id=816, 1040.88875pt x 230.8625pt>

File: images/ch3/openrefine/transform-result.png Graphic file (type png)
<use images/ch3/openrefine/transform-result.png>
Package pdftex.def Info: images/ch3/openrefine/transform-result.png  used on in
put line 568.
(pdftex.def)             Requested size: 426.79134pt x 94.65775pt.
[55 <./images/ch3/openrefine/textfilter-result.png>] [56 <./images/ch3/openrefi
ne/transform.png>] [57 <./images/ch3/openrefine/custom-text-transform.png> <./i
mages/ch3/openrefine/transform-result.png>]
Overfull \hbox (35.20663pt too wide) in paragraph at lines 603--613
\T1/lmr/m/n/12 Attribution-ShareAlike 2.5 Generic[][][], Attribution-ShareAlike
 3.0 Un-ported[][][], and Attribution-
 []

[58]

LaTeX Warning: Reference `5-star-system' on page 59 undefined on input line 654
.

LaTeX Font Info:    Trying to load font information for U+ding on input line 66
0.
(/usr/local/texlive/2021/texmf-dist/tex/latex/bbding/Uding.fd
File: Uding.fd 1996/02/01 v1.0 BBding font definitions
)

./ch3.tex:662: Package acro Error: You've requested acronym `csv' on line 662 b
ut you
(acro)                apparently haven't defined it, yet!
(acro)                Maybe you've misspelled `csv'?

Type <return> to continue.
 ...                                              
                                                  
l.662 .... For instance, storing data in \ac{csv} 
                                                  instead of \\& Microsoft E...


LaTeX does not know anything more about this error, sorry.

Try typing <return> to proceed.
If that doesn't work, type X <return> to quit.



LaTeX Warning: `!h' float specifier changed to `!ht'.

[59]

./ch3.tex:697: Package acro Error: You've requested acronym `png' on line 697 b
ut you
(acro)                apparently haven't defined it, yet!
(acro)                Maybe you've misspelled `png'?

Type <return> to continue.
 ...                                              
                                                  
l.697 \ac{png},
                \ac{jpeg}, \ac{gif} and as a dot file\footnote{a Microsoft W...


LaTeX does not know anything more about this error, sorry.

Try typing <return> to proceed.
If that doesn't work, type X <return> to quit.



./ch3.tex:697: Package acro Error: You've requested acronym `jpeg' on line 697 
but you
(acro)                apparently haven't defined it, yet!
(acro)                Maybe you've misspelled `jpeg'?

Type <return> to continue.
 ...                                              
                                                  
l.697 \ac{png}, \ac{jpeg},
                           \ac{gif} and as a dot file\footnote{a Microsoft W...


LaTeX does not know anything more about this error, sorry.

Try typing <return> to proceed.
If that doesn't work, type X <return> to quit.



./ch3.tex:697: Package acro Error: You've requested acronym `gif' on line 697 b
ut you
(acro)                apparently haven't defined it, yet!
(acro)                Maybe you've misspelled `gif'?

Type <return> to continue.
 ...                                              
                                                  
l.697 \ac{png}, \ac{jpeg}, \ac{gif} 
                                    and as a dot file\footnote{a Microsoft W...


LaTeX does not know anything more about this error, sorry.

Try typing <return> to proceed.
If that doesn't work, type X <return> to quit.


[60]) [61]
\openout2 = `ch4.aux'.

 (./ch4.tex
Chapter 4.

LaTeX Warning: Reference `chap:methodology' on page 62 undefined on input line 
8.


LaTeX Warning: Reference `feedback-form' on page 62 undefined on input line 14.


<images/ch4/survey/feedback-form.png, id=901, 558.085pt x 641.39626pt>
./ch4.tex:19: Undefined control sequence.
\Gin@@ewidth ->\coumnwidth 
                           
l.19 ...idth]{images/ch4/survey/feedback-form.png}
                                                  
The control sequence at the end of the top line
of your error message was never \def'ed. If you have
misspelled it (e.g., `\hobx'), type `I' and the correct
spelling (e.g., `I\hbox'). Otherwise just continue,
and I'll forget about whatever was undefined.

./ch4.tex:19: Missing number, treated as zero.
<to be read again> 
                   \relax 
l.19 ...idth]{images/ch4/survey/feedback-form.png}
                                                  
A number should have been here; I inserted `0'.
(If you can't figure out why I needed to see a number,
look up `weird error' in the index to The TeXbook.)

./ch4.tex:19: Illegal unit of measure (pt inserted).
<to be read again> 
                   \relax 
l.19 ...idth]{images/ch4/survey/feedback-form.png}
                                                  
Dimensions can be in units of em, ex, in, pt, pc,
cm, mm, dd, cc, nd, nc, bp, or sp; but yours is a new one!
I'll assume that you meant to say pt, for printer's points.
To recover gracefully from this error, it's best to
delete the erroneous units; e.g., type `2' to delete
two letters. (See Chapter 27 of The TeXbook.)

./ch4.tex:19: Undefined control sequence.
\Gin@@ewidth ->\coumnwidth 
                           
l.19 ...idth]{images/ch4/survey/feedback-form.png}
                                                  
The control sequence at the end of the top line
of your error message was never \def'ed. If you have
misspelled it (e.g., `\hobx'), type `I' and the correct
spelling (e.g., `I\hbox'). Otherwise just continue,
and I'll forget about whatever was undefined.

./ch4.tex:19: Missing number, treated as zero.
<to be read again> 
                   \relax 
l.19 ...idth]{images/ch4/survey/feedback-form.png}
                                                  
A number should have been here; I inserted `0'.
(If you can't figure out why I needed to see a number,
look up `weird error' in the index to The TeXbook.)

./ch4.tex:19: Illegal unit of measure (pt inserted).
<to be read again> 
                   \relax 
l.19 ...idth]{images/ch4/survey/feedback-form.png}
                                                  
Dimensions can be in units of em, ex, in, pt, pc,
cm, mm, dd, cc, nd, nc, bp, or sp; but yours is a new one!
I'll assume that you meant to say pt, for printer's points.
To recover gracefully from this error, it's best to
delete the erroneous units; e.g., type `2' to delete
two letters. (See Chapter 27 of The TeXbook.)

File: images/ch4/survey/feedback-form.png Graphic file (type png)
<use images/ch4/survey/feedback-form.png>
Package pdftex.def Info: images/ch4/survey/feedback-form.png  used on input lin
e 19.
(pdftex.def)             Requested size: 0.0pt x 0.0pt.

LaTeX Warning: Reference `subsec:classhierarchy' on page 62 undefined on input 
line 27.


LaTeX Warning: Reference `survey-class-hierarchy' on page 62 undefined on input
 line 28.

<images/ch4/survey/survey-class-hierarchy.png, id=904, 597.23125pt x 453.695pt>

File: images/ch4/survey/survey-class-hierarchy.png Graphic file (type png)
<use images/ch4/survey/survey-class-hierarchy.png>
Package pdftex.def Info: images/ch4/survey/survey-class-hierarchy.png  used on 
input line 40.
(pdftex.def)             Requested size: 443.57848pt x 336.97514pt.

Overfull \hbox (3.59225pt too wide) in paragraph at lines 43--43
[]\T1/lmr/bx/n/17.28 Development Tool for the Cre-ation of New OWL
 []

[62




] [63 <./images/ch4/survey/survey-class-hierarchy.png>] [64]

LaTeX Warning: File `images/ch4/Figure1.png' not found on input line 66.


./ch4.tex:66: Package pdftex.def Error: File `images/ch4/Figure1.png' not found
: using draft setting.

See the pdftex.def package documentation for explanation.
Type  H <return>  for immediate help.
 ...                                              
                                                  
l.66 ...idth=\columnwidth]{images/ch4/Figure1.png}
                                                  
Try typing  <return>  to proceed.
If that doesn't work, type  X <return>  to quit.

[65] [66] [67] [68]

LaTeX Warning: File `images/ch4/Figure2.png' not found on input line 94.


./ch4.tex:94: Package pdftex.def Error: File `images/ch4/Figure2.png' not found
: using draft setting.

See the pdftex.def package documentation for explanation.
Type  H <return>  for immediate help.
 ...                                              
                                                  
l.94 ...idth=\columnwidth]{images/ch4/Figure2.png}
                                                  
Try typing  <return>  to proceed.
If that doesn't work, type  X <return>  to quit.


LaTeX Warning: File `images/ch4/Figure3.png' not found on input line 101.


./ch4.tex:101: Package pdftex.def Error: File `images/ch4/Figure3.png' not foun
d: using draft setting.

See the pdftex.def package documentation for explanation.
Type  H <return>  for immediate help.
 ...                                              
                                                  
l.101 ...dth=\columnwidth]{images/ch4/Figure3.png}
                                                  
Try typing  <return>  to proceed.
If that doesn't work, type  X <return>  to quit.


LaTeX Warning: File `images/ch4/Figure4.png' not found on input line 109.


./ch4.tex:109: Package pdftex.def Error: File `images/ch4/Figure4.png' not foun
d: using draft setting.

See the pdftex.def package documentation for explanation.
Type  H <return>  for immediate help.
 ...                                              
                                                  
l.109 ...dth=\columnwidth]{images/ch4/Figure4.png}
                                                  
Try typing  <return>  to proceed.
If that doesn't work, type  X <return>  to quit.

[69] [70] [71]

LaTeX Warning: File `images/ch4/Figure5.png' not found on input line 117.


./ch4.tex:117: Package pdftex.def Error: File `images/ch4/Figure5.png' not foun
d: using draft setting.

See the pdftex.def package documentation for explanation.
Type  H <return>  for immediate help.
 ...                                              
                                                  
l.117 ...dth=\columnwidth]{images/ch4/Figure5.png}
                                                  
Try typing  <return>  to proceed.
If that doesn't work, type  X <return>  to quit.

[72]

LaTeX Warning: File `images/ch4/Figure6.png' not found on input line 124.


./ch4.tex:124: Package pdftex.def Error: File `images/ch4/Figure6.png' not foun
d: using draft setting.

See the pdftex.def package documentation for explanation.
Type  H <return>  for immediate help.
 ...                                              
                                                  
l.124 ...dth=\columnwidth]{images/ch4/Figure6.png}
                                                  
Try typing  <return>  to proceed.
If that doesn't work, type  X <return>  to quit.

[73]

LaTeX Warning: File `images/ch4/Figure7.png' not found on input line 131.


./ch4.tex:131: Package pdftex.def Error: File `images/ch4/Figure7.png' not foun
d: using draft setting.

See the pdftex.def package documentation for explanation.
Type  H <return>  for immediate help.
 ...                                              
                                                  
l.131 ...dth=\columnwidth]{images/ch4/Figure7.png}
                                                  
Try typing  <return>  to proceed.
If that doesn't work, type  X <return>  to quit.

[74]

LaTeX Warning: Reference `fig:4.8' on page 75 undefined on input line 137.

[75]
File: images/ch4/survey/survey-class-hierarchy.png Graphic file (type png)
<use images/ch4/survey/survey-class-hierarchy.png>
Package pdftex.def Info: images/ch4/survey/survey-class-hierarchy.png  used on 
input line 141.
(pdftex.def)             Requested size: 443.57848pt x 336.97514pt.
 [76] [77]

LaTeX Warning: Reference `subsec:individuals' on page 78 undefined on input lin
e 254.

<images/ch4/survey/likertscale5-class.png, id=1030, 725.71124pt x 384.43625pt>
File: images/ch4/survey/likertscale5-class.png Graphic file (type png)
<use images/ch4/survey/likertscale5-class.png>
Package pdftex.def Info: images/ch4/survey/likertscale5-class.png  used on inpu
t line 258.
(pdftex.def)             Requested size: 443.57848pt x 234.98677pt.
[78]

LaTeX Warning: File `images/ch4/Figure9.png' not found on input line 277.


./ch4.tex:277: Package pdftex.def Error: File `images/ch4/Figure9.png' not foun
d: using draft setting.

See the pdftex.def package documentation for explanation.
Type  H <return>  for immediate help.
 ...                                              
                                                  
l.277 ...dth=\columnwidth]{images/ch4/Figure9.png}
                                                  
Try typing  <return>  to proceed.
If that doesn't work, type  X <return>  to quit.

[79 <./images/ch4/survey/likertscale5-class.png>] [80]

LaTeX Warning: File `images/ch4/Figure10.png' not found on input line 293.


./ch4.tex:293: Package pdftex.def Error: File `images/ch4/Figure10.png' not fou
nd: using draft setting.

See the pdftex.def package documentation for explanation.
Type  H <return>  for immediate help.
 ...                                              
                                                  
l.293 ...th=\columnwidth]{images/ch4/Figure10.png}
                                                  
Try typing  <return>  to proceed.
If that doesn't work, type  X <return>  to quit.


LaTeX Warning: File `images/ch4/Figure11.png' not found on input line 306.


./ch4.tex:306: Package pdftex.def Error: File `images/ch4/Figure11.png' not fou
nd: using draft setting.

See the pdftex.def package documentation for explanation.
Type  H <return>  for immediate help.
 ...                                              
                                                  
l.306 ...th=\columnwidth]{images/ch4/Figure11.png}
                                                  
Try typing  <return>  to proceed.
If that doesn't work, type  X <return>  to quit.

[81]

LaTeX Warning: Reference `subsec:objectproperties' on page 82 undefined on inpu
t line 314.


LaTeX Warning: Reference `survey-object-properties' on page 82 undefined on inp
ut line 315.

<images/ch4/survey/survey-object-properties.png, id=1064, 697.60625pt x 389.455
pt>
File: images/ch4/survey/survey-object-properties.png Graphic file (type png)
<use images/ch4/survey/survey-object-properties.png>
Package pdftex.def Info: images/ch4/survey/survey-object-properties.png  used o
n input line 327.
(pdftex.def)             Requested size: 443.57848pt x 247.6399pt.

LaTeX Warning: `!h' float specifier changed to `!ht'.


LaTeX Warning: `!h' float specifier changed to `!ht'.


LaTeX Warning: Reference `subsec:dataproperties' on page 82 undefined on input 
line 384.


LaTeX Warning: Reference `survey-data-properties' on page 82 undefined on input
 line 385.

<images/ch4/survey/survey-data-properties.png, id=1065, 1012.78375pt x 462.7287
4pt>
File: images/ch4/survey/survey-data-properties.png Graphic file (type png)
<use images/ch4/survey/survey-data-properties.png>
Package pdftex.def Info: images/ch4/survey/survey-data-properties.png  used on 
input line 389.
(pdftex.def)             Requested size: 443.57848pt x 202.6622pt.

LaTeX Warning: Reference `fig:4.13' on page 82 undefined on input line 395.

[82] [83] [84 <./images/ch4/survey/survey-object-properties.png> <./images/ch4/
survey/survey-data-properties.png>]

LaTeX Warning: Text page 85 contains only floats.

[85]

LaTeX Warning: File `images/ch4/Figure13.png' not found on input line 399.


./ch4.tex:399: Package pdftex.def Error: File `images/ch4/Figure13.png' not fou
nd: using draft setting.

See the pdftex.def package documentation for explanation.
Type  H <return>  for immediate help.
 ...                                              
                                                  
l.399 ...th=\columnwidth]{images/ch4/Figure13.png}
                                                  
Try typing  <return>  to proceed.
If that doesn't work, type  X <return>  to quit.


./ch4.tex:403: LaTeX Error: \begin{figure} on input line 397 ended by \end{figu
re }.

See the LaTeX manual or LaTeX Companion for explanation.
Type  H <return>  for immediate help.
 ...                                              
                                                  
l.403 }
       
Your command was ignored.
Type  I <command> <return>  to replace it with another command,
or  <return>  to continue without it.

./ch4.tex:403: Missing } inserted.
<inserted text> 
                }
l.403 }
       
I've inserted something that you may have forgotten.
(See the <inserted text> above.)
With luck, this will get me unwedged. But if you
really didn't forget anything, try typing `2' now; then
my insertion and my current dilemma will both disappear.


LaTeX Warning: Reference `fig:4.14' on page 86 undefined on input line 404.


LaTeX Warning: Reference `table:4.4' on page 86 undefined on input line 404.


./ch4.tex:406: LaTeX Error: Not in outer par mode.

See the LaTeX manual or LaTeX Companion for explanation.
Type  H <return>  for immediate help.
 ...                                              
                                                  
l.406 \begin{figure}[htp]
                         
You've lost some text.  Try typing  <return>  to proceed.
If that doesn't work, type  X <return>  to quit.


LaTeX Warning: File `images/ch4/Figure14.png' not found on input line 408.


./ch4.tex:408: Package pdftex.def Error: File `images/ch4/Figure14.png' not fou
nd: using draft setting.

See the pdftex.def package documentation for explanation.
Type  H <return>  for immediate help.
 ...                                              
                                                  
l.408 ...th=\columnwidth]{images/ch4/Figure14.png}
                                                  
Try typing  <return>  to proceed.
If that doesn't work, type  X <return>  to quit.


./ch4.tex:409: Package floatrow Error: Caption(s) lost.

See the floatrow package documentation for explanation.
Type  H <return>  for immediate help.
 ...                                              
                                                  
l.409 ...ierarchies, Domain and Range for Classes}
                                                  
If you do not understand this error, please take look
at `floatrow' and `caption' package documentations.
Try typing  <return>  to proceed.
If that doesn't work, type  X <return>  to quit.


LaTeX Warning: Reference `survey-data-properties-domains-and-ranges' on page 86
 undefined on input line 414.


./ch4.tex:417: LaTeX Error: Not in outer par mode.

See the LaTeX manual or LaTeX Companion for explanation.
Type  H <return>  for immediate help.
 ...                                              
                                                  
l.417 \begin{table}[h!]
                       
You've lost some text.  Try typing  <return>  to proceed.
If that doesn't work, type  X <return>  to quit.


Overfull \hbox (1.53273pt too wide) in paragraph at lines 423--423
[]|\T1/lmr/m/n/12 Respondent|  
 []


Overfull \hbox (1.53273pt too wide) in paragraph at lines 425--425
[]|\T1/lmr/m/n/12 Respondent|  
 []


Overfull \hbox (1.53273pt too wide) in paragraph at lines 429--429
[]|\T1/lmr/m/n/12 Respondent|  
 []


Overfull \hbox (1.53273pt too wide) in paragraph at lines 430--430
[]|\T1/lmr/m/n/12 Respondent|  
 []


Overfull \hbox (20.58328pt too wide) in paragraph at lines 420--435
 [][] 
 []


LaTeX Warning: Reference `instances-of-survey-class' on page 86 undefined on in
put line 446.


./ch4.tex:449: LaTeX Error: Not in outer par mode.

See the LaTeX manual or LaTeX Companion for explanation.
Type  H <return>  for immediate help.
 ...                                              
                                                  
l.449 \begin{figure}[htp]
                         
You've lost some text.  Try typing  <return>  to proceed.
If that doesn't work, type  X <return>  to quit.

<images/ch4/survey/instances-of-survey-class.png, id=1098, 672.5125pt x 313.17p
t>
File: images/ch4/survey/instances-of-survey-class.png Graphic file (type png)
<use images/ch4/survey/instances-of-survey-class.png>
Package pdftex.def Info: images/ch4/survey/instances-of-survey-class.png  used 
on input line 451.
(pdftex.def)             Requested size: 443.57848pt x 206.5638pt.

LaTeX Warning: Reference `survey-individuals' on page 86 undefined on input lin
e 457.


./ch4.tex:460: LaTeX Error: Not in outer par mode.

See the LaTeX manual or LaTeX Companion for explanation.
Type  H <return>  for immediate help.
 ...                                              
                                                  
l.460 \begin{table}[h!]
                       
You've lost some text.  Try typing  <return>  to proceed.
If that doesn't work, type  X <return>  to quit.


LaTeX Warning: Reference `fig:final-survey-classes' on page 86 undefined on inp
ut line 484.


./ch4.tex:486: LaTeX Error: Not in outer par mode.

See the LaTeX manual or LaTeX Companion for explanation.
Type  H <return>  for immediate help.
 ...                                              
                                                  
l.486 \begin{figure}[htp]
                         
You've lost some text.  Try typing  <return>  to proceed.
If that doesn't work, type  X <return>  to quit.

<images/ch4/survey/final-survey-classes.png, id=1099, 815.045pt x 605.26125pt>
File: images/ch4/survey/final-survey-classes.png Graphic file (type png)
<use images/ch4/survey/final-survey-classes.png>
Package pdftex.def Info: images/ch4/survey/final-survey-classes.png  used on in
put line 488.
(pdftex.def)             Requested size: 443.57848pt x 329.40367pt.

LaTeX Warning: Reference `final-survey-classes' on page 86 undefined on input l
ine 501.


LaTeX Warning: Reference `survey-data-properties' on page 86 undefined on input
 line 512.


LaTeX Warning: Reference `shacl-editor' on page 86 undefined on input line 526.



./ch4.tex:530: LaTeX Error: Not in outer par mode.

See the LaTeX manual or LaTeX Companion for explanation.
Type  H <return>  for immediate help.
 ...                                              
                                                  
l.530 \begin{figure}[htp]
                         
You've lost some text.  Try typing  <return>  to proceed.
If that doesn't work, type  X <return>  to quit.

<images/ch4/survey/shacl-editor.png, id=1100, 1011.78pt x 468.75125pt>
File: images/ch4/survey/shacl-editor.png Graphic file (type png)
<use images/ch4/survey/shacl-editor.png>
Package pdftex.def Info: images/ch4/survey/shacl-editor.png  used on input line
 532.
(pdftex.def)             Requested size: 426.79134pt x 197.73248pt.

LaTeX Warning: Reference `shacl-constraint-violations' on page 86 undefined on 
input line 546.


./ch4.tex:548: LaTeX Error: Not in outer par mode.

See the LaTeX manual or LaTeX Companion for explanation.
Type  H <return>  for immediate help.
 ...                                              
                                                  
l.548 \begin{figure}[htp]
                         
You've lost some text.  Try typing  <return>  to proceed.
If that doesn't work, type  X <return>  to quit.

<images/ch4/survey/shacl-constraint-violations.png, id=1101, 1275.76625pt x 392
.46625pt>
File: images/ch4/survey/shacl-constraint-violations.png Graphic file (type png)

<use images/ch4/survey/shacl-constraint-violations.png>
Package pdftex.def Info: images/ch4/survey/shacl-constraint-violations.png  use
d on input line 550.
(pdftex.def)             Requested size: 426.79134pt x 131.29285pt.

LaTeX Warning: Reference `survey-dl-query' on page 86 undefined on input line 5
71.


./ch4.tex:574: LaTeX Error: Not in outer par mode.

See the LaTeX manual or LaTeX Companion for explanation.
Type  H <return>  for immediate help.
 ...                                              
                                                  
l.574 \begin{figure}[htp]
                         
You've lost some text.  Try typing  <return>  to proceed.
If that doesn't work, type  X <return>  to quit.

<images/ch4/survey/survey-dl-query.png, id=1104, 443.6575pt x 410.53375pt>
File: images/ch4/survey/survey-dl-query.png Graphic file (type png)
<use images/ch4/survey/survey-dl-query.png>
Package pdftex.def Info: images/ch4/survey/survey-dl-query.png  used on input l
ine 576.
(pdftex.def)             Requested size: 426.79134pt x 394.92227pt.

LaTeX Warning: Reference `survey-sparql-query' on page 86 undefined on input li
ne 603.


./ch4.tex:610: LaTeX Error: Not in outer par mode.

See the LaTeX manual or LaTeX Companion for explanation.
Type  H <return>  for immediate help.
 ...                                              
                                                  
l.610 \begin{figure}[htp]
                         
You've lost some text.  Try typing  <return>  to proceed.
If that doesn't work, type  X <return>  to quit.

<images/ch4/survey/survey-sparql-query.png, id=1106, 612.2875pt x 525.965pt>
File: images/ch4/survey/survey-sparql-query.png Graphic file (type png)
<use images/ch4/survey/survey-sparql-query.png>
Package pdftex.def Info: images/ch4/survey/survey-sparql-query.png  used on inp
ut line 612.
(pdftex.def)             Requested size: 426.79134pt x 366.61601pt.

LaTeX Warning: Reference `survey-snap-sparql-query' on page 86 undefined on inp
ut line 633.


./ch4.tex:641: LaTeX Error: Not in outer par mode.

See the LaTeX manual or LaTeX Companion for explanation.
Type  H <return>  for immediate help.
 ...                                              
                                                  
l.641 \begin{figure}[htp]
                         
You've lost some text.  Try typing  <return>  to proceed.
If that doesn't work, type  X <return>  to quit.

<images/ch4/survey/survey-snap-sparql-query.png, id=1107, 682.55pt x 437.635pt>

File: images/ch4/survey/survey-snap-sparql-query.png Graphic file (type png)
<use images/ch4/survey/survey-snap-sparql-query.png>
Package pdftex.def Info: images/ch4/survey/survey-snap-sparql-query.png  used o
n input line 643.
(pdftex.def)             Requested size: 443.57848pt x 284.41263pt.

LaTeX Warning: Reference `sec:csvtolodconversion' on page 86 undefined on input
 line 653.


./ch4.tex:655: Package acro Error: You've requested acronym `csv' on line 655 b
ut you
(acro)                apparently haven't defined it, yet!
(acro)                Maybe you've misspelled `csv'?

Type <return> to continue.
 ...                                              
                                                  
l.655 the \ac{csv} 
                   file consisting of survey responses is converted into

LaTeX does not know anything more about this error, sorry.

Try typing <return> to proceed.
If that doesn't work, type X <return> to quit.



./ch4.tex:658: Package acro Error: You've requested acronym `csv' on line 658 b
ut you
(acro)                apparently haven't defined it, yet!
(acro)                Maybe you've misspelled `csv'?

Type <return> to continue.
 ...                                              
                                                  
l.658 After importing the \ac{csv} 
                                   and creating a new project,

LaTeX does not know anything more about this error, sorry.

Try typing <return> to proceed.
If that doesn't work, type X <return> to quit.



./ch4.tex:660: Package acro Error: You've requested acronym `csv' on line 660 b
ut you
(acro)                apparently haven't defined it, yet!
(acro)                Maybe you've misspelled `csv'?

Type <return> to continue.
 ...                                              
                                                  
l.660 to describe the data stored in \ac{csv}
                                             

LaTeX does not know anything more about this error, sorry.

Try typing <return> to proceed.
If that doesn't work, type X <return> to quit.



LaTeX Warning: Reference `openrefine-rdf-skeleton' on page 86 undefined on inpu
t line 675.


./ch4.tex:676: Package acro Error: You've requested acronym `csv' on line 676 b
ut you
(acro)                apparently haven't defined it, yet!
(acro)                Maybe you've misspelled `csv'?

Type <return> to continue.
 ...                                              
                                                  
l.676 shows \ac{rdf} skeleton for \ac{csv} 
                                           using survey ontology.

LaTeX does not know anything more about this error, sorry.

Try typing <return> to proceed.
If that doesn't work, type X <return> to quit.



./ch4.tex:682: LaTeX Error: Not in outer par mode.

See the LaTeX manual or LaTeX Companion for explanation.
Type  H <return>  for immediate help.
 ...                                              
                                                  
l.682 \begin{figure}[htp]
                         
You've lost some text.  Try typing  <return>  to proceed.
If that doesn't work, type  X <return>  to quit.

<images/ch4/openrefine/openrefine-rdf-skeleton.png, id=1109, 637.38126pt x 609.
27625pt>
File: images/ch4/openrefine/openrefine-rdf-skeleton.png Graphic file (type png)

<use images/ch4/openrefine/openrefine-rdf-skeleton.png>
Package pdftex.def Info: images/ch4/openrefine/openrefine-rdf-skeleton.png  use
d on input line 684.
(pdftex.def)             Requested size: 443.57848pt x 424.01752pt.

LaTeX Warning: Reference `openrefine-add-prefix' on page 86 undefined on input 
line 700.


./ch4.tex:704: LaTeX Error: Not in outer par mode.

See the LaTeX manual or LaTeX Companion for explanation.
Type  H <return>  for immediate help.
 ...                                              
                                                  
l.704         \begin{figure}[htp]
                                 
You've lost some text.  Try typing  <return>  to proceed.
If that doesn't work, type  X <return>  to quit.

<images/ch4/openrefine/openrefine-add-prefix.png, id=1110, 393.47pt x 155.58125
pt>
File: images/ch4/openrefine/openrefine-add-prefix.png Graphic file (type png)
<use images/ch4/openrefine/openrefine-add-prefix.png>
Package pdftex.def Info: images/ch4/openrefine/openrefine-add-prefix.png  used 
on input line 706.
(pdftex.def)             Requested size: 426.79134pt x 168.75641pt.

LaTeX Warning: Reference `openrefine-manage-prefix' on page 86 undefined on inp
ut line 712.


./ch4.tex:714: LaTeX Error: Not in outer par mode.

See the LaTeX manual or LaTeX Companion for explanation.
Type  H <return>  for immediate help.
 ...                                              
                                                  
l.714         \begin{figure}[htp]
                                 
You've lost some text.  Try typing  <return>  to proceed.
If that doesn't work, type  X <return>  to quit.

<images/ch4/openrefine/openrefine-manage-prefix.png, id=1111, 441.65pt x 225.84
375pt>
File: images/ch4/openrefine/openrefine-manage-prefix.png Graphic file (type png
)
<use images/ch4/openrefine/openrefine-manage-prefix.png>
Package pdftex.def Info: images/ch4/openrefine/openrefine-manage-prefix.png  us
ed on input line 716.
(pdftex.def)             Requested size: 426.79134pt x 218.25488pt.

LaTeX Warning: Reference `openrefine-index' on page 86 undefined on input line 
727.


./ch4.tex:737: LaTeX Error: Not in outer par mode.

See the LaTeX manual or LaTeX Companion for explanation.
Type  H <return>  for immediate help.
 ...                                              
                                                  
l.737 \begin{figure}[htp]
                         
You've lost some text.  Try typing  <return>  to proceed.
If that doesn't work, type  X <return>  to quit.

<images/ch4/openrefine/openrefine-index.png, id=1112, 610.28pt x 436.63126pt>
File: images/ch4/openrefine/openrefine-index.png Graphic file (type png)
<use images/ch4/openrefine/openrefine-index.png>
Package pdftex.def Info: images/ch4/openrefine/openrefine-index.png  used on in
put line 739.
(pdftex.def)             Requested size: 426.79134pt x 305.35997pt.

./ch4.tex:747: Package acro Error: You've requested acronym `csv' on line 747 b
ut you
(acro)                apparently haven't defined it, yet!
(acro)                Maybe you've misspelled `csv'?

Type <return> to continue.
 ...                                              
                                                  
l.747 The next step is describing the \ac{csv} 
                                               data

LaTeX does not know anything more about this error, sorry.

Try typing <return> to proceed.
If that doesn't work, type X <return> to quit.



LaTeX Warning: Reference `openrefine-selecting-property' on page 86 undefined o
n input line 751.


./ch4.tex:753: Package acro Error: You've requested acronym `csv' on line 753 b
ut you
(acro)                apparently haven't defined it, yet!
(acro)                Maybe you've misspelled `csv'?

Type <return> to continue.
 ...                                              
                                                  
l.753 ...e selected for each field of the \ac{csv}
                                                  

LaTeX does not know anything more about this error, sorry.

Try typing <return> to proceed.
If that doesn't work, type X <return> to quit.



./ch4.tex:760: Package acro Error: You've requested acronym `csv' on line 760 b
ut you
(acro)                apparently haven't defined it, yet!
(acro)                Maybe you've misspelled `csv'?

Type <return> to continue.
 ...                                              
                                                  
l.760 of the \ac{csv}.
                      

LaTeX does not know anything more about this error, sorry.

Try typing <return> to proceed.
If that doesn't work, type X <return> to quit.



./ch4.tex:762: LaTeX Error: Not in outer par mode.

See the LaTeX manual or LaTeX Companion for explanation.
Type  H <return>  for immediate help.
 ...                                              
                                                  
l.762 \begin{figure}[htp]
                         
You've lost some text.  Try typing  <return>  to proceed.
If that doesn't work, type  X <return>  to quit.

<images/ch4/openrefine/openrefine-selecting-property.png, id=1113, 799.98875pt 
x 557.08125pt>
File: images/ch4/openrefine/openrefine-selecting-property.png Graphic file (typ
e png)
<use images/ch4/openrefine/openrefine-selecting-property.png>
Package pdftex.def Info: images/ch4/openrefine/openrefine-selecting-property.pn
g  used on input line 764.
(pdftex.def)             Requested size: 426.79134pt x 297.20674pt.

./ch4.tex:773: Package acro Error: You've requested acronym `csv' on line 773 b
ut you
(acro)                apparently haven't defined it, yet!
(acro)                Maybe you've misspelled `csv'?

Type <return> to continue.
 ...                                              
                                                  
l.773 ...used to view the description of \ac{csv} 
                                                  data.

LaTeX does not know anything more about this error, sorry.

Try typing <return> to proceed.
If that doesn't work, type X <return> to quit.



LaTeX Warning: Reference `openrefine-rdf-preview' on page 86 undefined on input
 line 779.


./ch4.tex:781: Package acro Error: You've requested acronym `csv' on line 781 b
ut you
(acro)                apparently haven't defined it, yet!
(acro)                Maybe you've misspelled `csv'?

Type <return> to continue.
 ...                                              
                                                  
l.781 ... to describe the data stored in \ac{csv}.
                                                  

LaTeX does not know anything more about this error, sorry.

Try typing <return> to proceed.
If that doesn't work, type X <return> to quit.



./ch4.tex:788: LaTeX Error: Not in outer par mode.

See the LaTeX manual or LaTeX Companion for explanation.
Type  H <return>  for immediate help.
 ...                                              
                                                  
l.788 \begin{figure}[htp]
                         
You've lost some text.  Try typing  <return>  to proceed.
If that doesn't work, type  X <return>  to quit.

<images/ch4/openrefine/openrefine-rdf-preview.png, id=1114, 765.86125pt x 527.9
725pt>
File: images/ch4/openrefine/openrefine-rdf-preview.png Graphic file (type png)
<use images/ch4/openrefine/openrefine-rdf-preview.png>
Package pdftex.def Info: images/ch4/openrefine/openrefine-rdf-preview.png  used
 on input line 790.
(pdftex.def)             Requested size: 426.79134pt x 294.22858pt.

./ch4.tex:796: Package acro Error: You've requested acronym `csv' on line 796 b
ut you
(acro)                apparently haven't defined it, yet!
(acro)                Maybe you've misspelled `csv'?

Type <return> to continue.
 ...                                              
                                                  
l.796 Once the data in \ac{csv}
                               

LaTeX does not know anything more about this error, sorry.

Try typing <return> to proceed.
If that doesn't work, type X <return> to quit.



LaTeX Warning: Reference `sec:announcinglod' on page 86 undefined on input line
 803.


LaTeX Warning: Reference `survey-license' on page 86 undefined on input line 81
9.


./ch4.tex:821: LaTeX Error: Not in outer par mode.

See the LaTeX manual or LaTeX Companion for explanation.
Type  H <return>  for immediate help.
 ...                                              
                                                  
l.821     \begin{figure}[htp]
                             
You've lost some text.  Try typing  <return>  to proceed.
If that doesn't work, type  X <return>  to quit.

<images/ch4/survey/survey-license.png, id=1117, 674.52pt x 210.7875pt>
File: images/ch4/survey/survey-license.png Graphic file (type png)
<use images/ch4/survey/survey-license.png>
Package pdftex.def Info: images/ch4/survey/survey-license.png  used on input li
ne 823.
(pdftex.def)             Requested size: 426.79134pt x 133.37576pt.

Overfull \hbox (7.99878pt too wide) in paragraph at lines 830--834
[]\T1/lmr/m/n/12 The linked open dataset dis-cussed in this re-search has an op
en li-cense: ``Attribution-
 []


LaTeX Warning: Reference `ontograf' on page 86 undefined on input line 858.


./ch4.tex:865: LaTeX Error: Not in outer par mode.

See the LaTeX manual or LaTeX Companion for explanation.
Type  H <return>  for immediate help.
 ...                                              
                                                  
l.865 \begin{figure}[htp]
                         
You've lost some text.  Try typing  <return>  to proceed.
If that doesn't work, type  X <return>  to quit.

<images/ch4/survey/ontograf.png, id=1119, 1202.4925pt x 617.30624pt>
File: images/ch4/survey/ontograf.png Graphic file (type png)
<use images/ch4/survey/ontograf.png>
Package pdftex.def Info: images/ch4/survey/ontograf.png  used on input line 867
.
(pdftex.def)             Requested size: 443.57848pt x 227.71211pt.

LaTeX Warning: Reference `webVOWL' on page 86 undefined on input line 874.


./ch4.tex:881: Package acro Error: You've requested acronym `svg' on line 881 b
ut you
(acro)                apparently haven't defined it, yet!
(acro)                Maybe you've misspelled `svg'?

Type <return> to continue.
 ...                                              
                                                  
l.881 ...wl} graph can be exported as an \ac{svg} 
                                                  image file or a \ac{json} ...


LaTeX does not know anything more about this error, sorry.

Try typing <return> to proceed.
If that doesn't work, type X <return> to quit.



./ch4.tex:881: Package acro Error: You've requested acronym `json' on line 881 
but you
(acro)                apparently haven't defined it, yet!
(acro)                Maybe you've misspelled `json'?

Type <return> to continue.
 ...                                              
                                                  
l.881 ...as an \ac{svg} image file or a \ac{json} 
                                                  code file.

LaTeX does not know anything more about this error, sorry.

Try typing <return> to proceed.
If that doesn't work, type X <return> to quit.



./ch4.tex:883: LaTeX Error: Not in outer par mode.

See the LaTeX manual or LaTeX Companion for explanation.
Type  H <return>  for immediate help.
 ...                                              
                                                  
l.883 \begin{figure}[htp]
                         
You've lost some text.  Try typing  <return>  to proceed.
If that doesn't work, type  X <return>  to quit.

<images/ch4/survey/webVOWL.png, id=1120, 870.25125pt x 692.5875pt>
File: images/ch4/survey/webVOWL.png Graphic file (type png)
<use images/ch4/survey/webVOWL.png>
Package pdftex.def Info: images/ch4/survey/webVOWL.png  used on input line 885.

(pdftex.def)             Requested size: 443.57848pt x 353.02472pt.
./ch4.tex:890: Missing } inserted.
<inserted text> 
                }
l.890 \end{doublespace}
                       
I've inserted something that you may have forgotten.
(See the <inserted text> above.)
With luck, this will get me unwedged. But if you
really didn't forget anything, try typing `2' now; then
my insertion and my current dilemma will both disappear.

) [86]
\openout2 = `ch5.aux'.

 (./ch5.tex
Chapter 5.

LaTeX Warning: Reference `chap:methodology' on page 87 undefined on input line 
25.

[87




]) [88]
\openout2 = `appendix-owl.aux'.

 (./appendix-owl.tex [89



]
Appendix A.
(/usr/local/texlive/2021/texmf-dist/tex/latex/listings/lstlang1.sty
File: lstlang1.sty 2020/03/24 1.8d listings language file
)
(/usr/local/texlive/2021/texmf-dist/tex/latex/listings/lstmisc.sty
File: lstmisc.sty 2020/03/24 1.8d (Carsten Heinz)
)
Overfull \hbox (30.42635pt too wide) in paragraph at lines 42--43
[][][][][][][][][][][][][][][][][][][][][][][][][][] 
 []


Overfull \hbox (8.42592pt too wide) in paragraph at lines 42--43
[][][][][][][][][][][][][][][][][][] 
 []


Overfull \hbox (38.42622pt too wide) in paragraph at lines 44--45
[][][][][][][][][][][][][][][][][][] 
 []


Overfull \hbox (56.4264pt too wide) in paragraph at lines 46--47
[][][][][][][][][][][][][][][][][][] 
 []


Overfull \hbox (50.42635pt too wide) in paragraph at lines 48--49
[][][][][][][][][][][][][][][][][][] 
 []


Overfull \hbox (26.4261pt too wide) in paragraph at lines 50--51
[][][][][][][][][][][][][][][][][][] 
 []


Overfull \hbox (50.42635pt too wide) in paragraph at lines 52--53
[][][][][][][][][][][][][][][][][][] 
 []


Overfull \hbox (14.42598pt too wide) in paragraph at lines 54--55
[][][][][][][][][][][][][][][][][][][][] 
 []


Overfull \hbox (8.42592pt too wide) in paragraph at lines 56--57
[][][][][][][][][][][][][][][][][][] 
 []

[90

]
Overfull \hbox (8.42592pt too wide) in paragraph at lines 58--59
[][][][][][][][][][][][][][][][][][] 
 []


Overfull \hbox (30.42635pt too wide) in paragraph at lines 64--65
[][][][][][][][][][][][][][][][][][][][][][][][][][] 
 []


Overfull \hbox (8.42592pt too wide) in paragraph at lines 64--65
[][][][][][][][][][][][][][][][][][] 
 []


Overfull \hbox (38.42622pt too wide) in paragraph at lines 66--67
[][][][][][][][][][][][][][][][][][] 
 []


Overfull \hbox (56.4264pt too wide) in paragraph at lines 68--69
[][][][][][][][][][][][][][][][][][] 
 []


Overfull \hbox (50.42635pt too wide) in paragraph at lines 70--71
[][][][][][][][][][][][][][][][][][] 
 []


Overfull \hbox (26.4261pt too wide) in paragraph at lines 72--73
[][][][][][][][][][][][][][][][][][] 
 []


Overfull \hbox (50.42635pt too wide) in paragraph at lines 74--75
[][][][][][][][][][][][][][][][][][] 
 []


Overfull \hbox (14.42598pt too wide) in paragraph at lines 76--77
[][][][][][][][][][][][][][][][][][][][] 
 []


Overfull \hbox (8.42592pt too wide) in paragraph at lines 78--79
[][][][][][][][][][][][][][][][][][] 
 []


Overfull \hbox (8.42592pt too wide) in paragraph at lines 80--81
[][][][][][][][][][][][][][][][][][] 
 []

[91]
Overfull \hbox (30.42635pt too wide) in paragraph at lines 86--87
[][][][][][][][][][][][][][][][][][][][][][][][][][] 
 []


Overfull \hbox (8.42592pt too wide) in paragraph at lines 86--87
[][][][][][][][][][][][][][][][][][] 
 []


Overfull \hbox (38.42622pt too wide) in paragraph at lines 88--89
[][][][][][][][][][][][][][][][][][] 
 []


Overfull \hbox (56.4264pt too wide) in paragraph at lines 90--91
[][][][][][][][][][][][][][][][][][] 
 []


Overfull \hbox (50.42635pt too wide) in paragraph at lines 92--93
[][][][][][][][][][][][][][][][][][] 
 []


Overfull \hbox (26.4261pt too wide) in paragraph at lines 94--95
[][][][][][][][][][][][][][][][][][] 
 []


Overfull \hbox (50.42635pt too wide) in paragraph at lines 96--97
[][][][][][][][][][][][][][][][][][] 
 []


Overfull \hbox (14.42598pt too wide) in paragraph at lines 98--99
[][][][][][][][][][][][][][][][][][][][] 
 []


Overfull \hbox (8.42592pt too wide) in paragraph at lines 100--101
[][][][][][][][][][][][][][][][][][] 
 []


Overfull \hbox (8.42592pt too wide) in paragraph at lines 102--103
[][][][][][][][][][][][][][][][][][] 
 []


Overfull \hbox (30.42635pt too wide) in paragraph at lines 105--106
[][][][][][][][][][][][][][][][][][][][][][][][][][] 
 []


Overfull \hbox (8.42592pt too wide) in paragraph at lines 105--106
[][][][][][][][][][][][][][][][][][] 
 []


Overfull \hbox (38.42622pt too wide) in paragraph at lines 107--108
[][][][][][][][][][][][][][][][][][] 
 []

[92]
Overfull \hbox (56.4264pt too wide) in paragraph at lines 109--110
[][][][][][][][][][][][][][][][][][] 
 []


Overfull \hbox (50.42635pt too wide) in paragraph at lines 111--112
[][][][][][][][][][][][][][][][][][] 
 []


Overfull \hbox (26.4261pt too wide) in paragraph at lines 113--114
[][][][][][][][][][][][][][][][][][] 
 []


Overfull \hbox (50.42635pt too wide) in paragraph at lines 115--116
[][][][][][][][][][][][][][][][][][] 
 []


Overfull \hbox (14.42598pt too wide) in paragraph at lines 117--118
[][][][][][][][][][][][][][][][][][][][] 
 []


Overfull \hbox (8.42592pt too wide) in paragraph at lines 119--120
[][][][][][][][][][][][][][][][][][] 
 []


Overfull \hbox (8.42592pt too wide) in paragraph at lines 121--122
[][][][][][][][][][][][][][][][][][] 
 []


Overfull \hbox (30.42635pt too wide) in paragraph at lines 126--127
[][][][][][][][][][][][][][][][][][][][][][][][][][] 
 []


Overfull \hbox (8.42592pt too wide) in paragraph at lines 126--127
[][][][][][][][][][][][][][][][][][] 
 []


Overfull \hbox (38.42622pt too wide) in paragraph at lines 128--129
[][][][][][][][][][][][][][][][][][] 
 []


Overfull \hbox (56.4264pt too wide) in paragraph at lines 130--131
[][][][][][][][][][][][][][][][][][] 
 []

[93]
Overfull \hbox (50.42635pt too wide) in paragraph at lines 132--133
[][][][][][][][][][][][][][][][][][] 
 []


Overfull \hbox (26.4261pt too wide) in paragraph at lines 134--135
[][][][][][][][][][][][][][][][][][] 
 []


Overfull \hbox (50.42635pt too wide) in paragraph at lines 136--137
[][][][][][][][][][][][][][][][][][] 
 []


Overfull \hbox (14.42598pt too wide) in paragraph at lines 138--139
[][][][][][][][][][][][][][][][][][][][] 
 []


Overfull \hbox (8.42592pt too wide) in paragraph at lines 140--141
[][][][][][][][][][][][][][][][][][] 
 []


Overfull \hbox (8.42592pt too wide) in paragraph at lines 142--143
[][][][][][][][][][][][][][][][][][] 
 []


Overfull \hbox (30.42635pt too wide) in paragraph at lines 148--149
[][][][][][][][][][][][][][][][][][][][][][][][][][] 
 []


Overfull \hbox (8.42592pt too wide) in paragraph at lines 148--149
[][][][][][][][][][][][][][][][][][] 
 []


Overfull \hbox (38.42622pt too wide) in paragraph at lines 150--151
[][][][][][][][][][][][][][][][][][] 
 []

[94]
Overfull \hbox (56.4264pt too wide) in paragraph at lines 152--153
[][][][][][][][][][][][][][][][][][] 
 []


Overfull \hbox (50.42635pt too wide) in paragraph at lines 154--155
[][][][][][][][][][][][][][][][][][] 
 []


Overfull \hbox (26.4261pt too wide) in paragraph at lines 156--157
[][][][][][][][][][][][][][][][][][] 
 []


Overfull \hbox (50.42635pt too wide) in paragraph at lines 158--159
[][][][][][][][][][][][][][][][][][] 
 []


Overfull \hbox (14.42598pt too wide) in paragraph at lines 160--161
[][][][][][][][][][][][][][][][][][][][] 
 []


Overfull \hbox (8.42592pt too wide) in paragraph at lines 162--163
[][][][][][][][][][][][][][][][][][] 
 []


Overfull \hbox (8.42592pt too wide) in paragraph at lines 164--165
[][][][][][][][][][][][][][][][][][] 
 []


Overfull \hbox (30.42635pt too wide) in paragraph at lines 170--171
[][][][][][][][][][][][][][][][][][][][][][][][][][] 
 []


Overfull \hbox (8.42592pt too wide) in paragraph at lines 170--171
[][][][][][][][][][][][][][][][][][] 
 []


Overfull \hbox (38.42622pt too wide) in paragraph at lines 172--173
[][][][][][][][][][][][][][][][][][] 
 []


Overfull \hbox (56.4264pt too wide) in paragraph at lines 174--175
[][][][][][][][][][][][][][][][][][] 
 []


Overfull \hbox (50.42635pt too wide) in paragraph at lines 176--177
[][][][][][][][][][][][][][][][][][] 
 []

[95]
Overfull \hbox (26.4261pt too wide) in paragraph at lines 178--179
[][][][][][][][][][][][][][][][][][] 
 []


Overfull \hbox (50.42635pt too wide) in paragraph at lines 180--181
[][][][][][][][][][][][][][][][][][] 
 []


Overfull \hbox (14.42598pt too wide) in paragraph at lines 182--183
[][][][][][][][][][][][][][][][][][][][] 
 []


Overfull \hbox (8.42592pt too wide) in paragraph at lines 184--185
[][][][][][][][][][][][][][][][][][] 
 []


Overfull \hbox (8.42592pt too wide) in paragraph at lines 186--187
[][][][][][][][][][][][][][][][][][] 
 []


Overfull \hbox (30.42635pt too wide) in paragraph at lines 189--190
[][][][][][][][][][][][][][][][][][][][][][][][][][] 
 []


Overfull \hbox (8.42592pt too wide) in paragraph at lines 189--190
[][][][][][][][][][][][][][][][][][] 
 []


Overfull \hbox (38.42622pt too wide) in paragraph at lines 191--192
[][][][][][][][][][][][][][][][][][] 
 []


Overfull \hbox (56.4264pt too wide) in paragraph at lines 193--194
[][][][][][][][][][][][][][][][][][] 
 []


Overfull \hbox (50.42635pt too wide) in paragraph at lines 195--196
[][][][][][][][][][][][][][][][][][] 
 []


Overfull \hbox (26.4261pt too wide) in paragraph at lines 197--198
[][][][][][][][][][][][][][][][][][] 
 []


Overfull \hbox (50.42635pt too wide) in paragraph at lines 199--200
[][][][][][][][][][][][][][][][][][] 
 []


Overfull \hbox (14.42598pt too wide) in paragraph at lines 201--202
[][][][][][][][][][][][][][][][][][][][] 
 []


Overfull \hbox (8.42592pt too wide) in paragraph at lines 203--204
[][][][][][][][][][][][][][][][][][] 
 []

[96]
Overfull \hbox (8.42592pt too wide) in paragraph at lines 205--206
[][][][][][][][][][][][][][][][][][] 
 []


Overfull \hbox (30.42635pt too wide) in paragraph at lines 211--212
[][][][][][][][][][][][][][][][][][][][][][][][][][] 
 []


Overfull \hbox (8.42592pt too wide) in paragraph at lines 211--212
[][][][][][][][][][][][][][][][][][] 
 []


Overfull \hbox (38.42622pt too wide) in paragraph at lines 213--214
[][][][][][][][][][][][][][][][][][] 
 []


Overfull \hbox (56.4264pt too wide) in paragraph at lines 215--216
[][][][][][][][][][][][][][][][][][] 
 []


Overfull \hbox (50.42635pt too wide) in paragraph at lines 217--218
[][][][][][][][][][][][][][][][][][] 
 []


Overfull \hbox (26.4261pt too wide) in paragraph at lines 219--220
[][][][][][][][][][][][][][][][][][] 
 []


Overfull \hbox (50.42635pt too wide) in paragraph at lines 221--222
[][][][][][][][][][][][][][][][][][] 
 []


Overfull \hbox (14.42598pt too wide) in paragraph at lines 223--224
[][][][][][][][][][][][][][][][][][][][] 
 []


Overfull \hbox (8.42592pt too wide) in paragraph at lines 225--226
[][][][][][][][][][][][][][][][][][] 
 []


Overfull \hbox (8.42592pt too wide) in paragraph at lines 227--228
[][][][][][][][][][][][][][][][][][] 
 []


Overfull \hbox (36.4264pt too wide) in paragraph at lines 230--231
[][][][][][][][][][][][][][][][][][][][][][][][][][] 
 []


Overfull \hbox (8.42592pt too wide) in paragraph at lines 230--231
[][][][][][][][][][][][][][][][][][] 
 []

[97]
Overfull \hbox (38.42622pt too wide) in paragraph at lines 232--233
[][][][][][][][][][][][][][][][][][] 
 []


Overfull \hbox (56.4264pt too wide) in paragraph at lines 234--235
[][][][][][][][][][][][][][][][][][] 
 []


Overfull \hbox (50.42635pt too wide) in paragraph at lines 236--237
[][][][][][][][][][][][][][][][][][] 
 []


Overfull \hbox (26.4261pt too wide) in paragraph at lines 238--239
[][][][][][][][][][][][][][][][][][] 
 []


Overfull \hbox (50.42635pt too wide) in paragraph at lines 240--241
[][][][][][][][][][][][][][][][][][] 
 []


Overfull \hbox (14.42598pt too wide) in paragraph at lines 242--243
[][][][][][][][][][][][][][][][][][][][] 
 []


Overfull \hbox (8.42592pt too wide) in paragraph at lines 244--245
[][][][][][][][][][][][][][][][][][] 
 []


Overfull \hbox (8.42592pt too wide) in paragraph at lines 246--247
[][][][][][][][][][][][][][][][][][] 
 []


Overfull \hbox (36.4264pt too wide) in paragraph at lines 252--253
[][][][][][][][][][][][][][][][][][][][][][][][][][] 
 []


Overfull \hbox (8.42592pt too wide) in paragraph at lines 252--253
[][][][][][][][][][][][][][][][][][] 
 []


Overfull \hbox (38.42622pt too wide) in paragraph at lines 254--255
[][][][][][][][][][][][][][][][][][] 
 []


Overfull \hbox (56.4264pt too wide) in paragraph at lines 256--257
[][][][][][][][][][][][][][][][][][] 
 []

[98]
Overfull \hbox (50.42635pt too wide) in paragraph at lines 258--259
[][][][][][][][][][][][][][][][][][] 
 []


Overfull \hbox (26.4261pt too wide) in paragraph at lines 260--261
[][][][][][][][][][][][][][][][][][] 
 []


Overfull \hbox (50.42635pt too wide) in paragraph at lines 262--263
[][][][][][][][][][][][][][][][][][] 
 []


Overfull \hbox (14.42598pt too wide) in paragraph at lines 264--265
[][][][][][][][][][][][][][][][][][][][] 
 []


Overfull \hbox (8.42592pt too wide) in paragraph at lines 266--267
[][][][][][][][][][][][][][][][][][] 
 []


Overfull \hbox (8.42592pt too wide) in paragraph at lines 268--269
[][][][][][][][][][][][][][][][][][] 
 []


Overfull \hbox (36.4264pt too wide) in paragraph at lines 274--275
[][][][][][][][][][][][][][][][][][][][][][][][][][] 
 []


Overfull \hbox (8.42592pt too wide) in paragraph at lines 274--275
[][][][][][][][][][][][][][][][][][] 
 []


Overfull \hbox (38.42622pt too wide) in paragraph at lines 276--277
[][][][][][][][][][][][][][][][][][] 
 []


Overfull \hbox (56.4264pt too wide) in paragraph at lines 278--279
[][][][][][][][][][][][][][][][][][] 
 []


Overfull \hbox (50.42635pt too wide) in paragraph at lines 280--281
[][][][][][][][][][][][][][][][][][] 
 []


Overfull \hbox (26.4261pt too wide) in paragraph at lines 282--283
[][][][][][][][][][][][][][][][][][] 
 []

[99]
Overfull \hbox (50.42635pt too wide) in paragraph at lines 284--285
[][][][][][][][][][][][][][][][][][] 
 []


Overfull \hbox (14.42598pt too wide) in paragraph at lines 286--287
[][][][][][][][][][][][][][][][][][][][] 
 []


Overfull \hbox (8.42592pt too wide) in paragraph at lines 288--289
[][][][][][][][][][][][][][][][][][] 
 []


Overfull \hbox (8.42592pt too wide) in paragraph at lines 290--291
[][][][][][][][][][][][][][][][][][] 
 []


Overfull \hbox (36.4264pt too wide) in paragraph at lines 296--297
[][][][][][][][][][][][][][][][][][][][][][][][][][] 
 []


Overfull \hbox (8.42592pt too wide) in paragraph at lines 296--297
[][][][][][][][][][][][][][][][][][] 
 []


Overfull \hbox (38.42622pt too wide) in paragraph at lines 298--299
[][][][][][][][][][][][][][][][][][] 
 []


Overfull \hbox (56.4264pt too wide) in paragraph at lines 300--301
[][][][][][][][][][][][][][][][][][] 
 []


Overfull \hbox (50.42635pt too wide) in paragraph at lines 302--303
[][][][][][][][][][][][][][][][][][] 
 []


Overfull \hbox (26.4261pt too wide) in paragraph at lines 304--305
[][][][][][][][][][][][][][][][][][] 
 []


Overfull \hbox (50.42635pt too wide) in paragraph at lines 306--307
[][][][][][][][][][][][][][][][][][] 
 []

[100]
Overfull \hbox (14.42598pt too wide) in paragraph at lines 308--309
[][][][][][][][][][][][][][][][][][][][] 
 []


Overfull \hbox (8.42592pt too wide) in paragraph at lines 310--311
[][][][][][][][][][][][][][][][][][] 
 []


Overfull \hbox (8.42592pt too wide) in paragraph at lines 312--313
[][][][][][][][][][][][][][][][][][] 
 []


Overfull \hbox (36.4264pt too wide) in paragraph at lines 318--319
[][][][][][][][][][][][][][][][][][][][][][][][][][] 
 []


Overfull \hbox (8.42592pt too wide) in paragraph at lines 318--319
[][][][][][][][][][][][][][][][][][] 
 []


Overfull \hbox (38.42622pt too wide) in paragraph at lines 320--321
[][][][][][][][][][][][][][][][][][] 
 []


Overfull \hbox (56.4264pt too wide) in paragraph at lines 322--323
[][][][][][][][][][][][][][][][][][] 
 []


Overfull \hbox (50.42635pt too wide) in paragraph at lines 324--325
[][][][][][][][][][][][][][][][][][] 
 []


Overfull \hbox (26.4261pt too wide) in paragraph at lines 326--327
[][][][][][][][][][][][][][][][][][] 
 []


Overfull \hbox (50.42635pt too wide) in paragraph at lines 328--329
[][][][][][][][][][][][][][][][][][] 
 []


Overfull \hbox (14.42598pt too wide) in paragraph at lines 330--331
[][][][][][][][][][][][][][][][][][][][] 
 []


Overfull \hbox (8.42592pt too wide) in paragraph at lines 332--333
[][][][][][][][][][][][][][][][][][] 
 []

[101]
Overfull \hbox (8.42592pt too wide) in paragraph at lines 334--335
[][][][][][][][][][][][][][][][][][] 
 []


Overfull \hbox (36.4264pt too wide) in paragraph at lines 340--341
[][][][][][][][][][][][][][][][][][][][][][][][][][] 
 []


Overfull \hbox (8.42592pt too wide) in paragraph at lines 340--341
[][][][][][][][][][][][][][][][][][] 
 []


Overfull \hbox (38.42622pt too wide) in paragraph at lines 342--343
[][][][][][][][][][][][][][][][][][] 
 []


Overfull \hbox (56.4264pt too wide) in paragraph at lines 344--345
[][][][][][][][][][][][][][][][][][] 
 []


Overfull \hbox (50.42635pt too wide) in paragraph at lines 346--347
[][][][][][][][][][][][][][][][][][] 
 []


Overfull \hbox (26.4261pt too wide) in paragraph at lines 348--349
[][][][][][][][][][][][][][][][][][] 
 []


Overfull \hbox (50.42635pt too wide) in paragraph at lines 350--351
[][][][][][][][][][][][][][][][][][] 
 []


Overfull \hbox (14.42598pt too wide) in paragraph at lines 352--353
[][][][][][][][][][][][][][][][][][][][] 
 []


Overfull \hbox (8.42592pt too wide) in paragraph at lines 354--355
[][][][][][][][][][][][][][][][][][] 
 []


Overfull \hbox (8.42592pt too wide) in paragraph at lines 356--357
[][][][][][][][][][][][][][][][][][] 
 []


Overfull \hbox (36.4264pt too wide) in paragraph at lines 359--360
[][][][][][][][][][][][][][][][][][][][][][][][][][] 
 []


Overfull \hbox (8.42592pt too wide) in paragraph at lines 359--360
[][][][][][][][][][][][][][][][][][] 
 []

[102]
Overfull \hbox (38.42622pt too wide) in paragraph at lines 361--362
[][][][][][][][][][][][][][][][][][] 
 []


Overfull \hbox (56.4264pt too wide) in paragraph at lines 363--364
[][][][][][][][][][][][][][][][][][] 
 []


Overfull \hbox (50.42635pt too wide) in paragraph at lines 365--366
[][][][][][][][][][][][][][][][][][] 
 []


Overfull \hbox (26.4261pt too wide) in paragraph at lines 367--368
[][][][][][][][][][][][][][][][][][] 
 []


Overfull \hbox (50.42635pt too wide) in paragraph at lines 369--370
[][][][][][][][][][][][][][][][][][] 
 []


Overfull \hbox (14.42598pt too wide) in paragraph at lines 371--372
[][][][][][][][][][][][][][][][][][][][] 
 []


Overfull \hbox (8.42592pt too wide) in paragraph at lines 373--374
[][][][][][][][][][][][][][][][][][] 
 []


Overfull \hbox (8.42592pt too wide) in paragraph at lines 375--376
[][][][][][][][][][][][][][][][][][] 
 []


Overfull \hbox (36.4264pt too wide) in paragraph at lines 378--379
[][][][][][][][][][][][][][][][][][][][][][][][][][] 
 []


Overfull \hbox (8.42592pt too wide) in paragraph at lines 378--379
[][][][][][][][][][][][][][][][][][] 
 []


Overfull \hbox (38.42622pt too wide) in paragraph at lines 380--381
[][][][][][][][][][][][][][][][][][] 
 []


Overfull \hbox (56.4264pt too wide) in paragraph at lines 382--383
[][][][][][][][][][][][][][][][][][] 
 []


Overfull \hbox (50.42635pt too wide) in paragraph at lines 384--385
[][][][][][][][][][][][][][][][][][] 
 []

[103]
Overfull \hbox (26.4261pt too wide) in paragraph at lines 386--387
[][][][][][][][][][][][][][][][][][] 
 []


Overfull \hbox (50.42635pt too wide) in paragraph at lines 388--389
[][][][][][][][][][][][][][][][][][] 
 []


Overfull \hbox (14.42598pt too wide) in paragraph at lines 390--391
[][][][][][][][][][][][][][][][][][][][] 
 []


Overfull \hbox (8.42592pt too wide) in paragraph at lines 392--393
[][][][][][][][][][][][][][][][][][] 
 []


Overfull \hbox (8.42592pt too wide) in paragraph at lines 394--395
[][][][][][][][][][][][][][][][][][] 
 []


Overfull \hbox (36.4264pt too wide) in paragraph at lines 400--401
[][][][][][][][][][][][][][][][][][][][][][][][][][] 
 []


Overfull \hbox (8.42592pt too wide) in paragraph at lines 400--401
[][][][][][][][][][][][][][][][][][] 
 []


Overfull \hbox (38.42622pt too wide) in paragraph at lines 402--403
[][][][][][][][][][][][][][][][][][] 
 []


Overfull \hbox (56.4264pt too wide) in paragraph at lines 404--405
[][][][][][][][][][][][][][][][][][] 
 []


Overfull \hbox (50.42635pt too wide) in paragraph at lines 406--407
[][][][][][][][][][][][][][][][][][] 
 []


Overfull \hbox (26.4261pt too wide) in paragraph at lines 408--409
[][][][][][][][][][][][][][][][][][] 
 []


Overfull \hbox (50.42635pt too wide) in paragraph at lines 410--411
[][][][][][][][][][][][][][][][][][] 
 []

[104]
Overfull \hbox (14.42598pt too wide) in paragraph at lines 412--413
[][][][][][][][][][][][][][][][][][][][] 
 []


Overfull \hbox (8.42592pt too wide) in paragraph at lines 414--415
[][][][][][][][][][][][][][][][][][] 
 []


Overfull \hbox (8.42592pt too wide) in paragraph at lines 416--417
[][][][][][][][][][][][][][][][][][] 
 []


Overfull \hbox (36.4264pt too wide) in paragraph at lines 422--423
[][][][][][][][][][][][][][][][][][][][][][][][][][] 
 []


Overfull \hbox (8.42592pt too wide) in paragraph at lines 422--423
[][][][][][][][][][][][][][][][][][] 
 []


Overfull \hbox (38.42622pt too wide) in paragraph at lines 424--425
[][][][][][][][][][][][][][][][][][] 
 []


Overfull \hbox (56.4264pt too wide) in paragraph at lines 426--427
[][][][][][][][][][][][][][][][][][] 
 []


Overfull \hbox (50.42635pt too wide) in paragraph at lines 428--429
[][][][][][][][][][][][][][][][][][] 
 []


Overfull \hbox (26.4261pt too wide) in paragraph at lines 430--431
[][][][][][][][][][][][][][][][][][] 
 []


Overfull \hbox (50.42635pt too wide) in paragraph at lines 432--433
[][][][][][][][][][][][][][][][][][] 
 []

[105]
Overfull \hbox (14.42598pt too wide) in paragraph at lines 434--435
[][][][][][][][][][][][][][][][][][][][] 
 []


Overfull \hbox (8.42592pt too wide) in paragraph at lines 436--437
[][][][][][][][][][][][][][][][][][] 
 []


Overfull \hbox (8.42592pt too wide) in paragraph at lines 438--439
[][][][][][][][][][][][][][][][][][] 
 []


Overfull \hbox (36.4264pt too wide) in paragraph at lines 444--445
[][][][][][][][][][][][][][][][][][][][][][][][][][] 
 []


Overfull \hbox (8.42592pt too wide) in paragraph at lines 444--445
[][][][][][][][][][][][][][][][][][] 
 []


Overfull \hbox (38.42622pt too wide) in paragraph at lines 446--447
[][][][][][][][][][][][][][][][][][] 
 []


Overfull \hbox (56.4264pt too wide) in paragraph at lines 448--449
[][][][][][][][][][][][][][][][][][] 
 []


Overfull \hbox (50.42635pt too wide) in paragraph at lines 450--451
[][][][][][][][][][][][][][][][][][] 
 []


Overfull \hbox (26.4261pt too wide) in paragraph at lines 452--453
[][][][][][][][][][][][][][][][][][] 
 []


Overfull \hbox (50.42635pt too wide) in paragraph at lines 454--455
[][][][][][][][][][][][][][][][][][] 
 []


Overfull \hbox (14.42598pt too wide) in paragraph at lines 456--457
[][][][][][][][][][][][][][][][][][][][] 
 []

[106]
Overfull \hbox (8.42592pt too wide) in paragraph at lines 458--459
[][][][][][][][][][][][][][][][][][] 
 []


Overfull \hbox (8.42592pt too wide) in paragraph at lines 460--461
[][][][][][][][][][][][][][][][][][] 
 []


Overfull \hbox (36.4264pt too wide) in paragraph at lines 466--467
[][][][][][][][][][][][][][][][][][][][][][][][][][] 
 []


Overfull \hbox (8.42592pt too wide) in paragraph at lines 466--467
[][][][][][][][][][][][][][][][][][] 
 []


Overfull \hbox (38.42622pt too wide) in paragraph at lines 468--469
[][][][][][][][][][][][][][][][][][] 
 []


Overfull \hbox (56.4264pt too wide) in paragraph at lines 470--471
[][][][][][][][][][][][][][][][][][] 
 []


Overfull \hbox (50.42635pt too wide) in paragraph at lines 472--473
[][][][][][][][][][][][][][][][][][] 
 []


Overfull \hbox (26.4261pt too wide) in paragraph at lines 474--475
[][][][][][][][][][][][][][][][][][] 
 []


Overfull \hbox (50.42635pt too wide) in paragraph at lines 476--477
[][][][][][][][][][][][][][][][][][] 
 []


Overfull \hbox (14.42598pt too wide) in paragraph at lines 478--479
[][][][][][][][][][][][][][][][][][][][] 
 []


Overfull \hbox (8.42592pt too wide) in paragraph at lines 480--481
[][][][][][][][][][][][][][][][][][] 
 []

[107]
Overfull \hbox (8.42592pt too wide) in paragraph at lines 482--483
[][][][][][][][][][][][][][][][][][] 
 []


Overfull \hbox (36.4264pt too wide) in paragraph at lines 488--489
[][][][][][][][][][][][][][][][][][][][][][][][][][] 
 []


Overfull \hbox (8.42592pt too wide) in paragraph at lines 488--489
[][][][][][][][][][][][][][][][][][] 
 []


Overfull \hbox (38.42622pt too wide) in paragraph at lines 490--491
[][][][][][][][][][][][][][][][][][] 
 []


Overfull \hbox (56.4264pt too wide) in paragraph at lines 492--493
[][][][][][][][][][][][][][][][][][] 
 []


Overfull \hbox (50.42635pt too wide) in paragraph at lines 494--495
[][][][][][][][][][][][][][][][][][] 
 []


Overfull \hbox (26.4261pt too wide) in paragraph at lines 496--497
[][][][][][][][][][][][][][][][][][] 
 []


Overfull \hbox (50.42635pt too wide) in paragraph at lines 498--499
[][][][][][][][][][][][][][][][][][] 
 []


Overfull \hbox (14.42598pt too wide) in paragraph at lines 500--501
[][][][][][][][][][][][][][][][][][][][] 
 []


Overfull \hbox (8.42592pt too wide) in paragraph at lines 502--503
[][][][][][][][][][][][][][][][][][] 
 []


Overfull \hbox (8.42592pt too wide) in paragraph at lines 504--505
[][][][][][][][][][][][][][][][][][] 
 []

[108]
Overfull \hbox (36.4264pt too wide) in paragraph at lines 508--509
[][][][][][][][][][][][][][][][][][][][][][][][][][] 
 []


Overfull \hbox (8.42592pt too wide) in paragraph at lines 508--509
[][][][][][][][][][][][][][][][][][] 
 []


Overfull \hbox (38.42622pt too wide) in paragraph at lines 510--511
[][][][][][][][][][][][][][][][][][] 
 []


Overfull \hbox (56.4264pt too wide) in paragraph at lines 512--513
[][][][][][][][][][][][][][][][][][] 
 []


Overfull \hbox (50.42635pt too wide) in paragraph at lines 514--515
[][][][][][][][][][][][][][][][][][] 
 []


Overfull \hbox (26.4261pt too wide) in paragraph at lines 516--517
[][][][][][][][][][][][][][][][][][] 
 []


Overfull \hbox (50.42635pt too wide) in paragraph at lines 518--519
[][][][][][][][][][][][][][][][][][] 
 []


Overfull \hbox (14.42598pt too wide) in paragraph at lines 520--521
[][][][][][][][][][][][][][][][][][][][] 
 []


Overfull \hbox (8.42592pt too wide) in paragraph at lines 522--523
[][][][][][][][][][][][][][][][][][] 
 []


Overfull \hbox (8.42592pt too wide) in paragraph at lines 524--525
[][][][][][][][][][][][][][][][][][] 
 []


Overfull \hbox (36.4264pt too wide) in paragraph at lines 530--531
[][][][][][][][][][][][][][][][][][][][][][][][][][] 
 []


Overfull \hbox (8.42592pt too wide) in paragraph at lines 530--531
[][][][][][][][][][][][][][][][][][] 
 []


Overfull \hbox (38.42622pt too wide) in paragraph at lines 532--533
[][][][][][][][][][][][][][][][][][] 
 []

[109]
Overfull \hbox (56.4264pt too wide) in paragraph at lines 534--535
[][][][][][][][][][][][][][][][][][] 
 []


Overfull \hbox (50.42635pt too wide) in paragraph at lines 536--537
[][][][][][][][][][][][][][][][][][] 
 []


Overfull \hbox (26.4261pt too wide) in paragraph at lines 538--539
[][][][][][][][][][][][][][][][][][] 
 []


Overfull \hbox (50.42635pt too wide) in paragraph at lines 540--541
[][][][][][][][][][][][][][][][][][] 
 []


Overfull \hbox (14.42598pt too wide) in paragraph at lines 542--543
[][][][][][][][][][][][][][][][][][][][] 
 []


Overfull \hbox (8.42592pt too wide) in paragraph at lines 544--545
[][][][][][][][][][][][][][][][][][] 
 []


Overfull \hbox (8.42592pt too wide) in paragraph at lines 546--547
[][][][][][][][][][][][][][][][][][] 
 []


Overfull \hbox (36.4264pt too wide) in paragraph at lines 552--553
[][][][][][][][][][][][][][][][][][][][][][][][][][] 
 []


Overfull \hbox (8.42592pt too wide) in paragraph at lines 552--553
[][][][][][][][][][][][][][][][][][] 
 []


Overfull \hbox (38.42622pt too wide) in paragraph at lines 554--555
[][][][][][][][][][][][][][][][][][] 
 []


Overfull \hbox (56.4264pt too wide) in paragraph at lines 556--557
[][][][][][][][][][][][][][][][][][] 
 []

[110]
Overfull \hbox (50.42635pt too wide) in paragraph at lines 558--559
[][][][][][][][][][][][][][][][][][] 
 []


Overfull \hbox (26.4261pt too wide) in paragraph at lines 560--561
[][][][][][][][][][][][][][][][][][] 
 []


Overfull \hbox (50.42635pt too wide) in paragraph at lines 562--563
[][][][][][][][][][][][][][][][][][] 
 []


Overfull \hbox (14.42598pt too wide) in paragraph at lines 564--565
[][][][][][][][][][][][][][][][][][][][] 
 []


Overfull \hbox (8.42592pt too wide) in paragraph at lines 566--567
[][][][][][][][][][][][][][][][][][] 
 []


Overfull \hbox (8.42592pt too wide) in paragraph at lines 568--569
[][][][][][][][][][][][][][][][][][] 
 []


Overfull \hbox (36.4264pt too wide) in paragraph at lines 574--575
[][][][][][][][][][][][][][][][][][][][][][][][][][] 
 []


Overfull \hbox (8.42592pt too wide) in paragraph at lines 574--575
[][][][][][][][][][][][][][][][][][] 
 []


Overfull \hbox (38.42622pt too wide) in paragraph at lines 576--577
[][][][][][][][][][][][][][][][][][] 
 []


Overfull \hbox (56.4264pt too wide) in paragraph at lines 578--579
[][][][][][][][][][][][][][][][][][] 
 []


Overfull \hbox (50.42635pt too wide) in paragraph at lines 580--581
[][][][][][][][][][][][][][][][][][] 
 []

[111]
Overfull \hbox (26.4261pt too wide) in paragraph at lines 582--583
[][][][][][][][][][][][][][][][][][] 
 []


Overfull \hbox (50.42635pt too wide) in paragraph at lines 584--585
[][][][][][][][][][][][][][][][][][] 
 []


Overfull \hbox (14.42598pt too wide) in paragraph at lines 586--587
[][][][][][][][][][][][][][][][][][][][] 
 []


Overfull \hbox (8.42592pt too wide) in paragraph at lines 588--589
[][][][][][][][][][][][][][][][][][] 
 []


Overfull \hbox (8.42592pt too wide) in paragraph at lines 590--591
[][][][][][][][][][][][][][][][][][] 
 []


Overfull \hbox (36.4264pt too wide) in paragraph at lines 596--597
[][][][][][][][][][][][][][][][][][][][][][][][][][] 
 []


Overfull \hbox (8.42592pt too wide) in paragraph at lines 596--597
[][][][][][][][][][][][][][][][][][] 
 []


Overfull \hbox (38.42622pt too wide) in paragraph at lines 598--599
[][][][][][][][][][][][][][][][][][] 
 []


Overfull \hbox (56.4264pt too wide) in paragraph at lines 600--601
[][][][][][][][][][][][][][][][][][] 
 []


Overfull \hbox (50.42635pt too wide) in paragraph at lines 602--603
[][][][][][][][][][][][][][][][][][] 
 []


Overfull \hbox (26.4261pt too wide) in paragraph at lines 604--605
[][][][][][][][][][][][][][][][][][] 
 []


Overfull \hbox (50.42635pt too wide) in paragraph at lines 606--607
[][][][][][][][][][][][][][][][][][] 
 []

[112]
Overfull \hbox (14.42598pt too wide) in paragraph at lines 608--609
[][][][][][][][][][][][][][][][][][][][] 
 []


Overfull \hbox (8.42592pt too wide) in paragraph at lines 610--611
[][][][][][][][][][][][][][][][][][] 
 []


Overfull \hbox (8.42592pt too wide) in paragraph at lines 612--613
[][][][][][][][][][][][][][][][][][] 
 []


Overfull \hbox (36.4264pt too wide) in paragraph at lines 615--616
[][][][][][][][][][][][][][][][][][][][][][][][][][] 
 []


Overfull \hbox (8.42592pt too wide) in paragraph at lines 615--616
[][][][][][][][][][][][][][][][][][] 
 []


Overfull \hbox (38.42622pt too wide) in paragraph at lines 617--618
[][][][][][][][][][][][][][][][][][] 
 []


Overfull \hbox (56.4264pt too wide) in paragraph at lines 619--620
[][][][][][][][][][][][][][][][][][] 
 []


Overfull \hbox (50.42635pt too wide) in paragraph at lines 621--622
[][][][][][][][][][][][][][][][][][] 
 []


Overfull \hbox (26.4261pt too wide) in paragraph at lines 623--624
[][][][][][][][][][][][][][][][][][] 
 []


Overfull \hbox (50.42635pt too wide) in paragraph at lines 625--626
[][][][][][][][][][][][][][][][][][] 
 []


Overfull \hbox (14.42598pt too wide) in paragraph at lines 627--628
[][][][][][][][][][][][][][][][][][][][] 
 []


Overfull \hbox (8.42592pt too wide) in paragraph at lines 629--630
[][][][][][][][][][][][][][][][][][] 
 []


Overfull \hbox (8.42592pt too wide) in paragraph at lines 631--632
[][][][][][][][][][][][][][][][][][] 
 []

[113]
Overfull \hbox (36.4264pt too wide) in paragraph at lines 634--635
[][][][][][][][][][][][][][][][][][][][][][][][][][] 
 []


Overfull \hbox (8.42592pt too wide) in paragraph at lines 634--635
[][][][][][][][][][][][][][][][][][] 
 []


Overfull \hbox (38.42622pt too wide) in paragraph at lines 636--637
[][][][][][][][][][][][][][][][][][] 
 []


Overfull \hbox (56.4264pt too wide) in paragraph at lines 638--639
[][][][][][][][][][][][][][][][][][] 
 []


Overfull \hbox (50.42635pt too wide) in paragraph at lines 640--641
[][][][][][][][][][][][][][][][][][] 
 []


Overfull \hbox (26.4261pt too wide) in paragraph at lines 642--643
[][][][][][][][][][][][][][][][][][] 
 []


Overfull \hbox (50.42635pt too wide) in paragraph at lines 644--645
[][][][][][][][][][][][][][][][][][] 
 []


Overfull \hbox (14.42598pt too wide) in paragraph at lines 646--647
[][][][][][][][][][][][][][][][][][][][] 
 []


Overfull \hbox (8.42592pt too wide) in paragraph at lines 648--649
[][][][][][][][][][][][][][][][][][] 
 []


Overfull \hbox (8.42592pt too wide) in paragraph at lines 650--651
[][][][][][][][][][][][][][][][][][] 
 []


Overfull \hbox (36.4264pt too wide) in paragraph at lines 656--657
[][][][][][][][][][][][][][][][][][][][][][][][][][] 
 []


Overfull \hbox (8.42592pt too wide) in paragraph at lines 656--657
[][][][][][][][][][][][][][][][][][] 
 []


Overfull \hbox (38.42622pt too wide) in paragraph at lines 658--659
[][][][][][][][][][][][][][][][][][] 
 []

[114]
Overfull \hbox (56.4264pt too wide) in paragraph at lines 660--661
[][][][][][][][][][][][][][][][][][] 
 []


Overfull \hbox (50.42635pt too wide) in paragraph at lines 662--663
[][][][][][][][][][][][][][][][][][] 
 []


Overfull \hbox (26.4261pt too wide) in paragraph at lines 664--665
[][][][][][][][][][][][][][][][][][] 
 []


Overfull \hbox (50.42635pt too wide) in paragraph at lines 666--667
[][][][][][][][][][][][][][][][][][] 
 []


Overfull \hbox (14.42598pt too wide) in paragraph at lines 668--669
[][][][][][][][][][][][][][][][][][][][] 
 []


Overfull \hbox (8.42592pt too wide) in paragraph at lines 670--671
[][][][][][][][][][][][][][][][][][] 
 []


Overfull \hbox (8.42592pt too wide) in paragraph at lines 672--673
[][][][][][][][][][][][][][][][][][] 
 []


Overfull \hbox (36.4264pt too wide) in paragraph at lines 678--679
[][][][][][][][][][][][][][][][][][][][][][][][][][] 
 []


Overfull \hbox (8.42592pt too wide) in paragraph at lines 678--679
[][][][][][][][][][][][][][][][][][] 
 []


Overfull \hbox (38.42622pt too wide) in paragraph at lines 680--681
[][][][][][][][][][][][][][][][][][] 
 []


Overfull \hbox (56.4264pt too wide) in paragraph at lines 682--683
[][][][][][][][][][][][][][][][][][] 
 []


Overfull \hbox (50.42635pt too wide) in paragraph at lines 684--685
[][][][][][][][][][][][][][][][][][] 
 []

[115]
Overfull \hbox (26.4261pt too wide) in paragraph at lines 686--687
[][][][][][][][][][][][][][][][][][] 
 []


Overfull \hbox (50.42635pt too wide) in paragraph at lines 688--689
[][][][][][][][][][][][][][][][][][] 
 []


Overfull \hbox (14.42598pt too wide) in paragraph at lines 690--691
[][][][][][][][][][][][][][][][][][][][] 
 []


Overfull \hbox (8.42592pt too wide) in paragraph at lines 692--693
[][][][][][][][][][][][][][][][][][] 
 []


Overfull \hbox (8.42592pt too wide) in paragraph at lines 694--695
[][][][][][][][][][][][][][][][][][] 
 []


Overfull \hbox (36.4264pt too wide) in paragraph at lines 700--701
[][][][][][][][][][][][][][][][][][][][][][][][][][] 
 []


Overfull \hbox (8.42592pt too wide) in paragraph at lines 700--701
[][][][][][][][][][][][][][][][][][] 
 []


Overfull \hbox (38.42622pt too wide) in paragraph at lines 702--703
[][][][][][][][][][][][][][][][][][] 
 []


Overfull \hbox (56.4264pt too wide) in paragraph at lines 704--705
[][][][][][][][][][][][][][][][][][] 
 []


Overfull \hbox (50.42635pt too wide) in paragraph at lines 706--707
[][][][][][][][][][][][][][][][][][] 
 []


Overfull \hbox (26.4261pt too wide) in paragraph at lines 708--709
[][][][][][][][][][][][][][][][][][] 
 []

[116]
Overfull \hbox (50.42635pt too wide) in paragraph at lines 710--711
[][][][][][][][][][][][][][][][][][] 
 []


Overfull \hbox (14.42598pt too wide) in paragraph at lines 712--713
[][][][][][][][][][][][][][][][][][][][] 
 []


Overfull \hbox (8.42592pt too wide) in paragraph at lines 714--715
[][][][][][][][][][][][][][][][][][] 
 []


Overfull \hbox (8.42592pt too wide) in paragraph at lines 716--717
[][][][][][][][][][][][][][][][][][] 
 []


Overfull \hbox (36.4264pt too wide) in paragraph at lines 722--723
[][][][][][][][][][][][][][][][][][][][][][][][][][] 
 []


Overfull \hbox (8.42592pt too wide) in paragraph at lines 722--723
[][][][][][][][][][][][][][][][][][] 
 []


Overfull \hbox (38.42622pt too wide) in paragraph at lines 724--725
[][][][][][][][][][][][][][][][][][] 
 []


Overfull \hbox (56.4264pt too wide) in paragraph at lines 726--727
[][][][][][][][][][][][][][][][][][] 
 []


Overfull \hbox (50.42635pt too wide) in paragraph at lines 728--729
[][][][][][][][][][][][][][][][][][] 
 []


Overfull \hbox (26.4261pt too wide) in paragraph at lines 730--731
[][][][][][][][][][][][][][][][][][] 
 []


Overfull \hbox (50.42635pt too wide) in paragraph at lines 732--733
[][][][][][][][][][][][][][][][][][] 
 []

[117]
Overfull \hbox (14.42598pt too wide) in paragraph at lines 734--735
[][][][][][][][][][][][][][][][][][][][] 
 []


Overfull \hbox (8.42592pt too wide) in paragraph at lines 736--737
[][][][][][][][][][][][][][][][][][] 
 []


Overfull \hbox (8.42592pt too wide) in paragraph at lines 738--739
[][][][][][][][][][][][][][][][][][] 
 []


Overfull \hbox (36.4264pt too wide) in paragraph at lines 744--745
[][][][][][][][][][][][][][][][][][][][][][][][][][] 
 []


Overfull \hbox (8.42592pt too wide) in paragraph at lines 744--745
[][][][][][][][][][][][][][][][][][] 
 []


Overfull \hbox (38.42622pt too wide) in paragraph at lines 746--747
[][][][][][][][][][][][][][][][][][] 
 []


Overfull \hbox (56.4264pt too wide) in paragraph at lines 748--749
[][][][][][][][][][][][][][][][][][] 
 []


Overfull \hbox (50.42635pt too wide) in paragraph at lines 750--751
[][][][][][][][][][][][][][][][][][] 
 []


Overfull \hbox (26.4261pt too wide) in paragraph at lines 752--753
[][][][][][][][][][][][][][][][][][] 
 []


Overfull \hbox (50.42635pt too wide) in paragraph at lines 754--755
[][][][][][][][][][][][][][][][][][] 
 []


Overfull \hbox (14.42598pt too wide) in paragraph at lines 756--757
[][][][][][][][][][][][][][][][][][][][] 
 []


Overfull \hbox (8.42592pt too wide) in paragraph at lines 758--759
[][][][][][][][][][][][][][][][][][] 
 []


Overfull \hbox (8.42592pt too wide) in paragraph at lines 760--761
[][][][][][][][][][][][][][][][][][] 
 []

[118]
Overfull \hbox (36.4264pt too wide) in paragraph at lines 766--767
[][][][][][][][][][][][][][][][][][][][][][][][][][] 
 []


Overfull \hbox (8.42592pt too wide) in paragraph at lines 766--767
[][][][][][][][][][][][][][][][][][] 
 []


Overfull \hbox (38.42622pt too wide) in paragraph at lines 768--769
[][][][][][][][][][][][][][][][][][] 
 []


Overfull \hbox (56.4264pt too wide) in paragraph at lines 770--771
[][][][][][][][][][][][][][][][][][] 
 []


Overfull \hbox (50.42635pt too wide) in paragraph at lines 772--773
[][][][][][][][][][][][][][][][][][] 
 []


Overfull \hbox (26.4261pt too wide) in paragraph at lines 774--775
[][][][][][][][][][][][][][][][][][] 
 []


Overfull \hbox (50.42635pt too wide) in paragraph at lines 776--777
[][][][][][][][][][][][][][][][][][] 
 []


Overfull \hbox (14.42598pt too wide) in paragraph at lines 778--779
[][][][][][][][][][][][][][][][][][][][] 
 []


Overfull \hbox (8.42592pt too wide) in paragraph at lines 780--781
[][][][][][][][][][][][][][][][][][] 
 []


Overfull \hbox (8.42592pt too wide) in paragraph at lines 782--783
[][][][][][][][][][][][][][][][][][] 
 []

[119]
Overfull \hbox (36.4264pt too wide) in paragraph at lines 788--789
[][][][][][][][][][][][][][][][][][][][][][][][][][] 
 []


Overfull \hbox (8.42592pt too wide) in paragraph at lines 788--789
[][][][][][][][][][][][][][][][][][] 
 []


Overfull \hbox (38.42622pt too wide) in paragraph at lines 790--791
[][][][][][][][][][][][][][][][][][] 
 []


Overfull \hbox (56.4264pt too wide) in paragraph at lines 792--793
[][][][][][][][][][][][][][][][][][] 
 []


Overfull \hbox (50.42635pt too wide) in paragraph at lines 794--795
[][][][][][][][][][][][][][][][][][] 
 []


Overfull \hbox (26.4261pt too wide) in paragraph at lines 796--797
[][][][][][][][][][][][][][][][][][] 
 []


Overfull \hbox (50.42635pt too wide) in paragraph at lines 798--799
[][][][][][][][][][][][][][][][][][] 
 []


Overfull \hbox (14.42598pt too wide) in paragraph at lines 800--801
[][][][][][][][][][][][][][][][][][][][] 
 []


Overfull \hbox (8.42592pt too wide) in paragraph at lines 802--803
[][][][][][][][][][][][][][][][][][] 
 []


Overfull \hbox (8.42592pt too wide) in paragraph at lines 804--805
[][][][][][][][][][][][][][][][][][] 
 []

[120]
Overfull \hbox (36.4264pt too wide) in paragraph at lines 810--811
[][][][][][][][][][][][][][][][][][][][][][][][][][] 
 []


Overfull \hbox (8.42592pt too wide) in paragraph at lines 810--811
[][][][][][][][][][][][][][][][][][] 
 []


Overfull \hbox (38.42622pt too wide) in paragraph at lines 812--813
[][][][][][][][][][][][][][][][][][] 
 []


Overfull \hbox (56.4264pt too wide) in paragraph at lines 814--815
[][][][][][][][][][][][][][][][][][] 
 []


Overfull \hbox (50.42635pt too wide) in paragraph at lines 816--817
[][][][][][][][][][][][][][][][][][] 
 []


Overfull \hbox (26.4261pt too wide) in paragraph at lines 818--819
[][][][][][][][][][][][][][][][][][] 
 []


Overfull \hbox (50.42635pt too wide) in paragraph at lines 820--821
[][][][][][][][][][][][][][][][][][] 
 []


Overfull \hbox (14.42598pt too wide) in paragraph at lines 822--823
[][][][][][][][][][][][][][][][][][][][] 
 []


Overfull \hbox (8.42592pt too wide) in paragraph at lines 824--825
[][][][][][][][][][][][][][][][][][] 
 []


Overfull \hbox (8.42592pt too wide) in paragraph at lines 826--827
[][][][][][][][][][][][][][][][][][] 
 []

[121]
Overfull \hbox (36.4264pt too wide) in paragraph at lines 832--833
[][][][][][][][][][][][][][][][][][][][][][][][][][] 
 []


Overfull \hbox (8.42592pt too wide) in paragraph at lines 832--833
[][][][][][][][][][][][][][][][][][] 
 []


Overfull \hbox (38.42622pt too wide) in paragraph at lines 834--835
[][][][][][][][][][][][][][][][][][] 
 []


Overfull \hbox (56.4264pt too wide) in paragraph at lines 836--837
[][][][][][][][][][][][][][][][][][] 
 []


Overfull \hbox (50.42635pt too wide) in paragraph at lines 838--839
[][][][][][][][][][][][][][][][][][] 
 []


Overfull \hbox (26.4261pt too wide) in paragraph at lines 840--841
[][][][][][][][][][][][][][][][][][] 
 []


Overfull \hbox (50.42635pt too wide) in paragraph at lines 842--843
[][][][][][][][][][][][][][][][][][] 
 []


Overfull \hbox (14.42598pt too wide) in paragraph at lines 844--845
[][][][][][][][][][][][][][][][][][][][] 
 []


Overfull \hbox (8.42592pt too wide) in paragraph at lines 846--847
[][][][][][][][][][][][][][][][][][] 
 []


Overfull \hbox (8.42592pt too wide) in paragraph at lines 848--849
[][][][][][][][][][][][][][][][][][] 
 []


Overfull \hbox (36.4264pt too wide) in paragraph at lines 854--855
[][][][][][][][][][][][][][][][][][][][][][][][][][] 
 []


Overfull \hbox (8.42592pt too wide) in paragraph at lines 854--855
[][][][][][][][][][][][][][][][][][] 
 []


Overfull \hbox (38.42622pt too wide) in paragraph at lines 856--857
[][][][][][][][][][][][][][][][][][] 
 []

[122]
Overfull \hbox (56.4264pt too wide) in paragraph at lines 858--859
[][][][][][][][][][][][][][][][][][] 
 []


Overfull \hbox (50.42635pt too wide) in paragraph at lines 860--861
[][][][][][][][][][][][][][][][][][] 
 []


Overfull \hbox (26.4261pt too wide) in paragraph at lines 862--863
[][][][][][][][][][][][][][][][][][] 
 []


Overfull \hbox (50.42635pt too wide) in paragraph at lines 864--865
[][][][][][][][][][][][][][][][][][] 
 []


Overfull \hbox (14.42598pt too wide) in paragraph at lines 866--867
[][][][][][][][][][][][][][][][][][][][] 
 []


Overfull \hbox (8.42592pt too wide) in paragraph at lines 868--869
[][][][][][][][][][][][][][][][][][] 
 []


Overfull \hbox (8.42592pt too wide) in paragraph at lines 870--871
[][][][][][][][][][][][][][][][][][] 
 []


Overfull \hbox (36.4264pt too wide) in paragraph at lines 876--877
[][][][][][][][][][][][][][][][][][][][][][][][][][] 
 []


Overfull \hbox (8.42592pt too wide) in paragraph at lines 876--877
[][][][][][][][][][][][][][][][][][] 
 []


Overfull \hbox (38.42622pt too wide) in paragraph at lines 878--879
[][][][][][][][][][][][][][][][][][] 
 []


Overfull \hbox (56.4264pt too wide) in paragraph at lines 880--881
[][][][][][][][][][][][][][][][][][] 
 []

[123]
Overfull \hbox (50.42635pt too wide) in paragraph at lines 882--883
[][][][][][][][][][][][][][][][][][] 
 []


Overfull \hbox (26.4261pt too wide) in paragraph at lines 884--885
[][][][][][][][][][][][][][][][][][] 
 []


Overfull \hbox (50.42635pt too wide) in paragraph at lines 886--887
[][][][][][][][][][][][][][][][][][] 
 []


Overfull \hbox (14.42598pt too wide) in paragraph at lines 888--889
[][][][][][][][][][][][][][][][][][][][] 
 []


Overfull \hbox (8.42592pt too wide) in paragraph at lines 890--891
[][][][][][][][][][][][][][][][][][] 
 []


Overfull \hbox (8.42592pt too wide) in paragraph at lines 892--893
[][][][][][][][][][][][][][][][][][] 
 []


Overfull \hbox (36.4264pt too wide) in paragraph at lines 898--899
[][][][][][][][][][][][][][][][][][][][][][][][][][] 
 []


Overfull \hbox (8.42592pt too wide) in paragraph at lines 898--899
[][][][][][][][][][][][][][][][][][] 
 []


Overfull \hbox (38.42622pt too wide) in paragraph at lines 900--901
[][][][][][][][][][][][][][][][][][] 
 []


Overfull \hbox (56.4264pt too wide) in paragraph at lines 902--903
[][][][][][][][][][][][][][][][][][] 
 []


Overfull \hbox (50.42635pt too wide) in paragraph at lines 904--905
[][][][][][][][][][][][][][][][][][] 
 []

[124]
Overfull \hbox (26.4261pt too wide) in paragraph at lines 906--907
[][][][][][][][][][][][][][][][][][] 
 []


Overfull \hbox (50.42635pt too wide) in paragraph at lines 908--909
[][][][][][][][][][][][][][][][][][] 
 []


Overfull \hbox (14.42598pt too wide) in paragraph at lines 910--911
[][][][][][][][][][][][][][][][][][][][] 
 []


Overfull \hbox (8.42592pt too wide) in paragraph at lines 912--913
[][][][][][][][][][][][][][][][][][] 
 []


Overfull \hbox (8.42592pt too wide) in paragraph at lines 914--915
[][][][][][][][][][][][][][][][][][] 
 []


Overfull \hbox (36.4264pt too wide) in paragraph at lines 920--921
[][][][][][][][][][][][][][][][][][][][][][][][][][] 
 []


Overfull \hbox (8.42592pt too wide) in paragraph at lines 920--921
[][][][][][][][][][][][][][][][][][] 
 []


Overfull \hbox (38.42622pt too wide) in paragraph at lines 922--923
[][][][][][][][][][][][][][][][][][] 
 []


Overfull \hbox (56.4264pt too wide) in paragraph at lines 924--925
[][][][][][][][][][][][][][][][][][] 
 []


Overfull \hbox (50.42635pt too wide) in paragraph at lines 926--927
[][][][][][][][][][][][][][][][][][] 
 []

[125]
Overfull \hbox (26.4261pt too wide) in paragraph at lines 928--929
[][][][][][][][][][][][][][][][][][] 
 []


Overfull \hbox (50.42635pt too wide) in paragraph at lines 930--931
[][][][][][][][][][][][][][][][][][] 
 []


Overfull \hbox (14.42598pt too wide) in paragraph at lines 932--933
[][][][][][][][][][][][][][][][][][][][] 
 []


Overfull \hbox (8.42592pt too wide) in paragraph at lines 934--935
[][][][][][][][][][][][][][][][][][] 
 []


Overfull \hbox (8.42592pt too wide) in paragraph at lines 936--937
[][][][][][][][][][][][][][][][][][] 
 []


Overfull \hbox (36.4264pt too wide) in paragraph at lines 942--943
[][][][][][][][][][][][][][][][][][][][][][][][][][] 
 []


Overfull \hbox (8.42592pt too wide) in paragraph at lines 942--943
[][][][][][][][][][][][][][][][][][] 
 []


Overfull \hbox (38.42622pt too wide) in paragraph at lines 944--945
[][][][][][][][][][][][][][][][][][] 
 []


Overfull \hbox (56.4264pt too wide) in paragraph at lines 946--947
[][][][][][][][][][][][][][][][][][] 
 []


Overfull \hbox (50.42635pt too wide) in paragraph at lines 948--949
[][][][][][][][][][][][][][][][][][] 
 []


Overfull \hbox (26.4261pt too wide) in paragraph at lines 950--951
[][][][][][][][][][][][][][][][][][] 
 []

[126]
Overfull \hbox (50.42635pt too wide) in paragraph at lines 952--953
[][][][][][][][][][][][][][][][][][] 
 []


Overfull \hbox (14.42598pt too wide) in paragraph at lines 954--955
[][][][][][][][][][][][][][][][][][][][] 
 []


Overfull \hbox (8.42592pt too wide) in paragraph at lines 956--957
[][][][][][][][][][][][][][][][][][] 
 []


Overfull \hbox (8.42592pt too wide) in paragraph at lines 958--959
[][][][][][][][][][][][][][][][][][] 
 []


Overfull \hbox (36.4264pt too wide) in paragraph at lines 961--962
[][][][][][][][][][][][][][][][][][][][][][][][][][] 
 []


Overfull \hbox (8.42592pt too wide) in paragraph at lines 961--962
[][][][][][][][][][][][][][][][][][] 
 []


Overfull \hbox (38.42622pt too wide) in paragraph at lines 963--964
[][][][][][][][][][][][][][][][][][] 
 []


Overfull \hbox (56.4264pt too wide) in paragraph at lines 965--966
[][][][][][][][][][][][][][][][][][] 
 []


Overfull \hbox (50.42635pt too wide) in paragraph at lines 967--968
[][][][][][][][][][][][][][][][][][] 
 []


Overfull \hbox (26.4261pt too wide) in paragraph at lines 969--970
[][][][][][][][][][][][][][][][][][] 
 []


Overfull \hbox (50.42635pt too wide) in paragraph at lines 971--972
[][][][][][][][][][][][][][][][][][] 
 []


Overfull \hbox (14.42598pt too wide) in paragraph at lines 973--974
[][][][][][][][][][][][][][][][][][][][] 
 []


Overfull \hbox (8.42592pt too wide) in paragraph at lines 975--976
[][][][][][][][][][][][][][][][][][] 
 []


Overfull \hbox (8.42592pt too wide) in paragraph at lines 977--978
[][][][][][][][][][][][][][][][][][] 
 []

[127]
Overfull \hbox (36.4264pt too wide) in paragraph at lines 983--984
[][][][][][][][][][][][][][][][][][][][][][][][][][] 
 []


Overfull \hbox (8.42592pt too wide) in paragraph at lines 983--984
[][][][][][][][][][][][][][][][][][] 
 []


Overfull \hbox (38.42622pt too wide) in paragraph at lines 985--986
[][][][][][][][][][][][][][][][][][] 
 []


Overfull \hbox (56.4264pt too wide) in paragraph at lines 987--988
[][][][][][][][][][][][][][][][][][] 
 []


Overfull \hbox (50.42635pt too wide) in paragraph at lines 989--990
[][][][][][][][][][][][][][][][][][] 
 []


Overfull \hbox (26.4261pt too wide) in paragraph at lines 991--992
[][][][][][][][][][][][][][][][][][] 
 []


Overfull \hbox (50.42635pt too wide) in paragraph at lines 993--994
[][][][][][][][][][][][][][][][][][] 
 []


Overfull \hbox (14.42598pt too wide) in paragraph at lines 995--996
[][][][][][][][][][][][][][][][][][][][] 
 []


Overfull \hbox (8.42592pt too wide) in paragraph at lines 997--998
[][][][][][][][][][][][][][][][][][] 
 []


Overfull \hbox (8.42592pt too wide) in paragraph at lines 999--1000
[][][][][][][][][][][][][][][][][][] 
 []

[128]
Overfull \hbox (36.4264pt too wide) in paragraph at lines 1005--1006
[][][][][][][][][][][][][][][][][][][][][][][][][][] 
 []


Overfull \hbox (8.42592pt too wide) in paragraph at lines 1005--1006
[][][][][][][][][][][][][][][][][][] 
 []


Overfull \hbox (38.42622pt too wide) in paragraph at lines 1007--1008
[][][][][][][][][][][][][][][][][][] 
 []


Overfull \hbox (56.4264pt too wide) in paragraph at lines 1009--1010
[][][][][][][][][][][][][][][][][][] 
 []


Overfull \hbox (50.42635pt too wide) in paragraph at lines 1011--1012
[][][][][][][][][][][][][][][][][][] 
 []


Overfull \hbox (26.4261pt too wide) in paragraph at lines 1013--1014
[][][][][][][][][][][][][][][][][][] 
 []


Overfull \hbox (50.42635pt too wide) in paragraph at lines 1015--1016
[][][][][][][][][][][][][][][][][][] 
 []


Overfull \hbox (14.42598pt too wide) in paragraph at lines 1017--1018
[][][][][][][][][][][][][][][][][][][][] 
 []


Overfull \hbox (8.42592pt too wide) in paragraph at lines 1019--1020
[][][][][][][][][][][][][][][][][][] 
 []


Overfull \hbox (8.42592pt too wide) in paragraph at lines 1021--1022
[][][][][][][][][][][][][][][][][][] 
 []

[129]
Overfull \hbox (36.4264pt too wide) in paragraph at lines 1027--1028
[][][][][][][][][][][][][][][][][][][][][][][][][][] 
 []


Overfull \hbox (8.42592pt too wide) in paragraph at lines 1027--1028
[][][][][][][][][][][][][][][][][][] 
 []


Overfull \hbox (38.42622pt too wide) in paragraph at lines 1029--1030
[][][][][][][][][][][][][][][][][][] 
 []


Overfull \hbox (56.4264pt too wide) in paragraph at lines 1031--1032
[][][][][][][][][][][][][][][][][][] 
 []


Overfull \hbox (50.42635pt too wide) in paragraph at lines 1033--1034
[][][][][][][][][][][][][][][][][][] 
 []


Overfull \hbox (26.4261pt too wide) in paragraph at lines 1035--1036
[][][][][][][][][][][][][][][][][][] 
 []


Overfull \hbox (50.42635pt too wide) in paragraph at lines 1037--1038
[][][][][][][][][][][][][][][][][][] 
 []


Overfull \hbox (14.42598pt too wide) in paragraph at lines 1039--1040
[][][][][][][][][][][][][][][][][][][][] 
 []


Overfull \hbox (8.42592pt too wide) in paragraph at lines 1041--1042
[][][][][][][][][][][][][][][][][][] 
 []


Overfull \hbox (8.42592pt too wide) in paragraph at lines 1043--1044
[][][][][][][][][][][][][][][][][][] 
 []


Overfull \hbox (36.4264pt too wide) in paragraph at lines 1048--1049
[][][][][][][][][][][][][][][][][][][][][][][][][][] 
 []


Overfull \hbox (8.42592pt too wide) in paragraph at lines 1048--1049
[][][][][][][][][][][][][][][][][][] 
 []

[130]
Overfull \hbox (38.42622pt too wide) in paragraph at lines 1050--1051
[][][][][][][][][][][][][][][][][][] 
 []


Overfull \hbox (56.4264pt too wide) in paragraph at lines 1052--1053
[][][][][][][][][][][][][][][][][][] 
 []


Overfull \hbox (50.42635pt too wide) in paragraph at lines 1054--1055
[][][][][][][][][][][][][][][][][][] 
 []


Overfull \hbox (26.4261pt too wide) in paragraph at lines 1056--1057
[][][][][][][][][][][][][][][][][][] 
 []


Overfull \hbox (50.42635pt too wide) in paragraph at lines 1058--1059
[][][][][][][][][][][][][][][][][][] 
 []


Overfull \hbox (14.42598pt too wide) in paragraph at lines 1060--1061
[][][][][][][][][][][][][][][][][][][][] 
 []


Overfull \hbox (8.42592pt too wide) in paragraph at lines 1062--1063
[][][][][][][][][][][][][][][][][][] 
 []


Overfull \hbox (8.42592pt too wide) in paragraph at lines 1064--1065
[][][][][][][][][][][][][][][][][][] 
 []


Overfull \hbox (36.4264pt too wide) in paragraph at lines 1067--1068
[][][][][][][][][][][][][][][][][][][][][][][][][][] 
 []


Overfull \hbox (8.42592pt too wide) in paragraph at lines 1067--1068
[][][][][][][][][][][][][][][][][][] 
 []


Overfull \hbox (38.42622pt too wide) in paragraph at lines 1069--1070
[][][][][][][][][][][][][][][][][][] 
 []


Overfull \hbox (56.4264pt too wide) in paragraph at lines 1071--1072
[][][][][][][][][][][][][][][][][][] 
 []


Overfull \hbox (50.42635pt too wide) in paragraph at lines 1073--1074
[][][][][][][][][][][][][][][][][][] 
 []


Overfull \hbox (26.4261pt too wide) in paragraph at lines 1075--1076
[][][][][][][][][][][][][][][][][][] 
 []

[131]
Overfull \hbox (50.42635pt too wide) in paragraph at lines 1077--1078
[][][][][][][][][][][][][][][][][][] 
 []


Overfull \hbox (14.42598pt too wide) in paragraph at lines 1079--1080
[][][][][][][][][][][][][][][][][][][][] 
 []


Overfull \hbox (8.42592pt too wide) in paragraph at lines 1081--1082
[][][][][][][][][][][][][][][][][][] 
 []


Overfull \hbox (8.42592pt too wide) in paragraph at lines 1083--1084
[][][][][][][][][][][][][][][][][][] 
 []


Overfull \hbox (36.4264pt too wide) in paragraph at lines 1088--1089
[][][][][][][][][][][][][][][][][][][][][][][][][][] 
 []


Overfull \hbox (8.42592pt too wide) in paragraph at lines 1088--1089
[][][][][][][][][][][][][][][][][][] 
 []


Overfull \hbox (38.42622pt too wide) in paragraph at lines 1090--1091
[][][][][][][][][][][][][][][][][][] 
 []


Overfull \hbox (56.4264pt too wide) in paragraph at lines 1092--1093
[][][][][][][][][][][][][][][][][][] 
 []


Overfull \hbox (50.42635pt too wide) in paragraph at lines 1094--1095
[][][][][][][][][][][][][][][][][][] 
 []


Overfull \hbox (26.4261pt too wide) in paragraph at lines 1096--1097
[][][][][][][][][][][][][][][][][][] 
 []


Overfull \hbox (50.42635pt too wide) in paragraph at lines 1098--1099
[][][][][][][][][][][][][][][][][][] 
 []


Overfull \hbox (14.42598pt too wide) in paragraph at lines 1100--1101
[][][][][][][][][][][][][][][][][][][][] 
 []


Overfull \hbox (8.42592pt too wide) in paragraph at lines 1102--1103
[][][][][][][][][][][][][][][][][][] 
 []

[132]
Overfull \hbox (8.42592pt too wide) in paragraph at lines 1104--1105
[][][][][][][][][][][][][][][][][][] 
 []


Overfull \hbox (36.4264pt too wide) in paragraph at lines 1110--1111
[][][][][][][][][][][][][][][][][][][][][][][][][][] 
 []


Overfull \hbox (8.42592pt too wide) in paragraph at lines 1110--1111
[][][][][][][][][][][][][][][][][][] 
 []


Overfull \hbox (38.42622pt too wide) in paragraph at lines 1112--1113
[][][][][][][][][][][][][][][][][][] 
 []


Overfull \hbox (56.4264pt too wide) in paragraph at lines 1114--1115
[][][][][][][][][][][][][][][][][][] 
 []


Overfull \hbox (50.42635pt too wide) in paragraph at lines 1116--1117
[][][][][][][][][][][][][][][][][][] 
 []


Overfull \hbox (26.4261pt too wide) in paragraph at lines 1118--1119
[][][][][][][][][][][][][][][][][][] 
 []


Overfull \hbox (50.42635pt too wide) in paragraph at lines 1120--1121
[][][][][][][][][][][][][][][][][][] 
 []


Overfull \hbox (14.42598pt too wide) in paragraph at lines 1122--1123
[][][][][][][][][][][][][][][][][][][][] 
 []


Overfull \hbox (8.42592pt too wide) in paragraph at lines 1124--1125
[][][][][][][][][][][][][][][][][][] 
 []


Overfull \hbox (8.42592pt too wide) in paragraph at lines 1126--1127
[][][][][][][][][][][][][][][][][][] 
 []

[133]
Overfull \hbox (36.4264pt too wide) in paragraph at lines 1132--1133
[][][][][][][][][][][][][][][][][][][][][][][][][][] 
 []


Overfull \hbox (8.42592pt too wide) in paragraph at lines 1132--1133
[][][][][][][][][][][][][][][][][][] 
 []


Overfull \hbox (38.42622pt too wide) in paragraph at lines 1134--1135
[][][][][][][][][][][][][][][][][][] 
 []


Overfull \hbox (56.4264pt too wide) in paragraph at lines 1136--1137
[][][][][][][][][][][][][][][][][][] 
 []


Overfull \hbox (50.42635pt too wide) in paragraph at lines 1138--1139
[][][][][][][][][][][][][][][][][][] 
 []


Overfull \hbox (26.4261pt too wide) in paragraph at lines 1140--1141
[][][][][][][][][][][][][][][][][][] 
 []


Overfull \hbox (50.42635pt too wide) in paragraph at lines 1142--1143
[][][][][][][][][][][][][][][][][][] 
 []


Overfull \hbox (14.42598pt too wide) in paragraph at lines 1144--1145
[][][][][][][][][][][][][][][][][][][][] 
 []


Overfull \hbox (8.42592pt too wide) in paragraph at lines 1146--1147
[][][][][][][][][][][][][][][][][][] 
 []

[134]
Overfull \hbox (8.42592pt too wide) in paragraph at lines 1148--1149
[][][][][][][][][][][][][][][][][][] 
 []


Overfull \hbox (36.4264pt too wide) in paragraph at lines 1154--1155
[][][][][][][][][][][][][][][][][][][][][][][][][][] 
 []


Overfull \hbox (8.42592pt too wide) in paragraph at lines 1154--1155
[][][][][][][][][][][][][][][][][][] 
 []


Overfull \hbox (38.42622pt too wide) in paragraph at lines 1156--1157
[][][][][][][][][][][][][][][][][][] 
 []


Overfull \hbox (56.4264pt too wide) in paragraph at lines 1158--1159
[][][][][][][][][][][][][][][][][][] 
 []


Overfull \hbox (50.42635pt too wide) in paragraph at lines 1160--1161
[][][][][][][][][][][][][][][][][][] 
 []


Overfull \hbox (26.4261pt too wide) in paragraph at lines 1162--1163
[][][][][][][][][][][][][][][][][][] 
 []


Overfull \hbox (50.42635pt too wide) in paragraph at lines 1164--1165
[][][][][][][][][][][][][][][][][][] 
 []


Overfull \hbox (14.42598pt too wide) in paragraph at lines 1166--1167
[][][][][][][][][][][][][][][][][][][][] 
 []


Overfull \hbox (8.42592pt too wide) in paragraph at lines 1168--1169
[][][][][][][][][][][][][][][][][][] 
 []


Overfull \hbox (8.42592pt too wide) in paragraph at lines 1170--1171
[][][][][][][][][][][][][][][][][][] 
 []

[135]
Overfull \hbox (36.4264pt too wide) in paragraph at lines 1176--1177
[][][][][][][][][][][][][][][][][][][][][][][][][][] 
 []


Overfull \hbox (8.42592pt too wide) in paragraph at lines 1176--1177
[][][][][][][][][][][][][][][][][][] 
 []


Overfull \hbox (38.42622pt too wide) in paragraph at lines 1178--1179
[][][][][][][][][][][][][][][][][][] 
 []


Overfull \hbox (56.4264pt too wide) in paragraph at lines 1180--1181
[][][][][][][][][][][][][][][][][][] 
 []


Overfull \hbox (50.42635pt too wide) in paragraph at lines 1182--1183
[][][][][][][][][][][][][][][][][][] 
 []


Overfull \hbox (26.4261pt too wide) in paragraph at lines 1184--1185
[][][][][][][][][][][][][][][][][][] 
 []


Overfull \hbox (50.42635pt too wide) in paragraph at lines 1186--1187
[][][][][][][][][][][][][][][][][][] 
 []


Overfull \hbox (14.42598pt too wide) in paragraph at lines 1188--1189
[][][][][][][][][][][][][][][][][][][][] 
 []


Overfull \hbox (8.42592pt too wide) in paragraph at lines 1190--1191
[][][][][][][][][][][][][][][][][][] 
 []


Overfull \hbox (8.42592pt too wide) in paragraph at lines 1192--1193
[][][][][][][][][][][][][][][][][][] 
 []

[136]
Overfull \hbox (36.4264pt too wide) in paragraph at lines 1198--1199
[][][][][][][][][][][][][][][][][][][][][][][][][][] 
 []


Overfull \hbox (8.42592pt too wide) in paragraph at lines 1198--1199
[][][][][][][][][][][][][][][][][][] 
 []


Overfull \hbox (38.42622pt too wide) in paragraph at lines 1200--1201
[][][][][][][][][][][][][][][][][][] 
 []


Overfull \hbox (56.4264pt too wide) in paragraph at lines 1202--1203
[][][][][][][][][][][][][][][][][][] 
 []


Overfull \hbox (50.42635pt too wide) in paragraph at lines 1204--1205
[][][][][][][][][][][][][][][][][][] 
 []


Overfull \hbox (26.4261pt too wide) in paragraph at lines 1206--1207
[][][][][][][][][][][][][][][][][][] 
 []


Overfull \hbox (50.42635pt too wide) in paragraph at lines 1208--1209
[][][][][][][][][][][][][][][][][][] 
 []


Overfull \hbox (14.42598pt too wide) in paragraph at lines 1210--1211
[][][][][][][][][][][][][][][][][][][][] 
 []


Overfull \hbox (8.42592pt too wide) in paragraph at lines 1212--1213
[][][][][][][][][][][][][][][][][][] 
 []


Overfull \hbox (8.42592pt too wide) in paragraph at lines 1214--1215
[][][][][][][][][][][][][][][][][][] 
 []

[137]
Overfull \hbox (36.4264pt too wide) in paragraph at lines 1219--1220
[][][][][][][][][][][][][][][][][][][][][][][][][][] 
 []


Overfull \hbox (8.42592pt too wide) in paragraph at lines 1219--1220
[][][][][][][][][][][][][][][][][][] 
 []


Overfull \hbox (38.42622pt too wide) in paragraph at lines 1221--1222
[][][][][][][][][][][][][][][][][][] 
 []


Overfull \hbox (56.4264pt too wide) in paragraph at lines 1223--1224
[][][][][][][][][][][][][][][][][][] 
 []


Overfull \hbox (50.42635pt too wide) in paragraph at lines 1225--1226
[][][][][][][][][][][][][][][][][][] 
 []


Overfull \hbox (26.4261pt too wide) in paragraph at lines 1227--1228
[][][][][][][][][][][][][][][][][][] 
 []


Overfull \hbox (50.42635pt too wide) in paragraph at lines 1229--1230
[][][][][][][][][][][][][][][][][][] 
 []


Overfull \hbox (14.42598pt too wide) in paragraph at lines 1231--1232
[][][][][][][][][][][][][][][][][][][][] 
 []


Overfull \hbox (8.42592pt too wide) in paragraph at lines 1233--1234
[][][][][][][][][][][][][][][][][][] 
 []


Overfull \hbox (8.42592pt too wide) in paragraph at lines 1235--1236
[][][][][][][][][][][][][][][][][][] 
 []


Overfull \hbox (36.4264pt too wide) in paragraph at lines 1241--1242
[][][][][][][][][][][][][][][][][][][][][][][][][][] 
 []


Overfull \hbox (8.42592pt too wide) in paragraph at lines 1241--1242
[][][][][][][][][][][][][][][][][][] 
 []

[138]
Overfull \hbox (38.42622pt too wide) in paragraph at lines 1243--1244
[][][][][][][][][][][][][][][][][][] 
 []


Overfull \hbox (56.4264pt too wide) in paragraph at lines 1245--1246
[][][][][][][][][][][][][][][][][][] 
 []


Overfull \hbox (50.42635pt too wide) in paragraph at lines 1247--1248
[][][][][][][][][][][][][][][][][][] 
 []


Overfull \hbox (26.4261pt too wide) in paragraph at lines 1249--1250
[][][][][][][][][][][][][][][][][][] 
 []


Overfull \hbox (50.42635pt too wide) in paragraph at lines 1251--1252
[][][][][][][][][][][][][][][][][][] 
 []


Overfull \hbox (14.42598pt too wide) in paragraph at lines 1253--1254
[][][][][][][][][][][][][][][][][][][][] 
 []


Overfull \hbox (8.42592pt too wide) in paragraph at lines 1255--1256
[][][][][][][][][][][][][][][][][][] 
 []


Overfull \hbox (8.42592pt too wide) in paragraph at lines 1257--1258
[][][][][][][][][][][][][][][][][][] 
 []

[139]
Overfull \hbox (36.4264pt too wide) in paragraph at lines 1263--1264
[][][][][][][][][][][][][][][][][][][][][][][][][][] 
 []


Overfull \hbox (8.42592pt too wide) in paragraph at lines 1263--1264
[][][][][][][][][][][][][][][][][][] 
 []


Overfull \hbox (38.42622pt too wide) in paragraph at lines 1265--1266
[][][][][][][][][][][][][][][][][][] 
 []


Overfull \hbox (56.4264pt too wide) in paragraph at lines 1267--1268
[][][][][][][][][][][][][][][][][][] 
 []


Overfull \hbox (50.42635pt too wide) in paragraph at lines 1269--1270
[][][][][][][][][][][][][][][][][][] 
 []


Overfull \hbox (26.4261pt too wide) in paragraph at lines 1271--1272
[][][][][][][][][][][][][][][][][][] 
 []


Overfull \hbox (50.42635pt too wide) in paragraph at lines 1273--1274
[][][][][][][][][][][][][][][][][][] 
 []


Overfull \hbox (14.42598pt too wide) in paragraph at lines 1275--1276
[][][][][][][][][][][][][][][][][][][][] 
 []


Overfull \hbox (8.42592pt too wide) in paragraph at lines 1277--1278
[][][][][][][][][][][][][][][][][][] 
 []


Overfull \hbox (8.42592pt too wide) in paragraph at lines 1279--1280
[][][][][][][][][][][][][][][][][][] 
 []


Overfull \hbox (36.4264pt too wide) in paragraph at lines 1282--1283
[][][][][][][][][][][][][][][][][][][][][][][][][][] 
 []


Overfull \hbox (8.42592pt too wide) in paragraph at lines 1282--1283
[][][][][][][][][][][][][][][][][][] 
 []


Overfull \hbox (38.42622pt too wide) in paragraph at lines 1284--1285
[][][][][][][][][][][][][][][][][][] 
 []


Overfull \hbox (56.4264pt too wide) in paragraph at lines 1286--1287
[][][][][][][][][][][][][][][][][][] 
 []

[140]
Overfull \hbox (50.42635pt too wide) in paragraph at lines 1288--1289
[][][][][][][][][][][][][][][][][][] 
 []


Overfull \hbox (26.4261pt too wide) in paragraph at lines 1290--1291
[][][][][][][][][][][][][][][][][][] 
 []


Overfull \hbox (50.42635pt too wide) in paragraph at lines 1292--1293
[][][][][][][][][][][][][][][][][][] 
 []


Overfull \hbox (14.42598pt too wide) in paragraph at lines 1294--1295
[][][][][][][][][][][][][][][][][][][][] 
 []


Overfull \hbox (8.42592pt too wide) in paragraph at lines 1296--1297
[][][][][][][][][][][][][][][][][][] 
 []


Overfull \hbox (8.42592pt too wide) in paragraph at lines 1298--1299
[][][][][][][][][][][][][][][][][][] 
 []

[141] [142]
Appendix B.
) [143

]
\openout2 = `appendix-data.aux'.

 (./appendix-data.tex
Appendix C.
[144




] [145]) [146] (./parita-msc.bbl
Underfull \hbox (badness 5203) in paragraph at lines 42--47
[]\T1/lmr/m/n/12 David Beck-ett.  RDF 1.1 N-Triples.  \T1/lmr/m/it/12 W3C Rec-o
m-men-da-tion\T1/lmr/m/n/12 , 2014.
 []


Underfull \hbox (badness 10000) in paragraph at lines 49--53
[]\T1/lmr/m/n/12 Tim Berners-Lee.  Linked Data.  \T1/lmr/m/it/12 W3C Rec-om-men
-da-tion\T1/lmr/m/n/12 , 1996.
 []

[147



] [148]
Underfull \hbox (badness 10000) in paragraph at lines 161--165
[]\T1/lmr/m/n/12 Sean Fal-coner.  On-tograf Pro-tégé Plu-gin.  \T1/lmr/m/it/12 
Avail-able at:
 []


Underfull \hbox (badness 3386) in paragraph at lines 193--198
[]\T1/lmr/m/n/12 Daryl Hep-t-ing.  Stu-dent Feed-back In-stru-ment.  \T1/lmr/m/
it/12 Avail-able at: []$\T1/lmtt/m/it/12 http :
 []


Underfull \hbox (badness 10000) in paragraph at lines 193--198
\T1/lmtt/m/it/12 / / www2\OML/lmm/m/it/12 :\T1/lmtt/m/it/12 cs\OML/lmm/m/it/12 
:\T1/lmtt/m/it/12 uregina\OML/lmm/m/it/12 :\T1/lmtt/m/it/12 ca / ~hepting / ass
ets / teaching / pdf / feedback -[]
 []

[149])

Package acro Warning: Acronym properties may have changed. Rerun to get them
(acro)                synchronized.


./parita-msc.tex:142: LaTeX Error: \begin{doublespace} on input line 5 ended by
 \end{document}.

See the LaTeX manual or LaTeX Companion for explanation.
Type  H <return>  for immediate help.
 ...                                              
                                                  
l.142 \end{document}
                    
Your command was ignored.
Type  I <command> <return>  to replace it with another command,
or  <return>  to continue without it.

[150] (./parita-msc.aux (./abstract.aux) (./ack.aux) (./pd-ack.aux) (./ch1.aux)
(./ch2.aux) (./ch3.aux) (./ch4.aux) (./ch5.aux) (./appendix-owl.aux)
(./appendix-data.aux))

LaTeX Warning: There were undefined references.


LaTeX Warning: Label(s) may have changed. Rerun to get cross-references right.


Package rerunfilecheck Warning: File `parita-msc.out' has changed.
(rerunfilecheck)                Rerun to get outlines right
(rerunfilecheck)                or use package `bookmark'.

Package rerunfilecheck Info: Checksums for `parita-msc.out':
(rerunfilecheck)             Before: 9B6883DBE1897A03A5AB8800F634F8A7;3881
(rerunfilecheck)             After:  6FD2EA7C75E479F0D8AAFBBAB653F68F;12635.
 )
(\end occurred inside a group at level 1)

### semi simple group (level 1) entered at line 5 (\begingroup)
### bottom level 
Here is how much of TeX's memory you used:
 27790 strings out of 478276
 575213 string characters out of 5846491
 1337317 words of memory out of 5000000
 43668 multiletter control sequences out of 15000+600000
 542467 words of font info for 108 fonts, out of 8000000 for 9000
 1141 hyphenation exceptions out of 8191
 68i,12n,80p,1630b,2627s stack positions out of 5000i,500n,10000p,200000b,80000s
pdfTeX warning (dest): name{table.caption.21} has been referenc
ed but does not exist, replaced by a fixed one

pdfTeX warning (dest): name{table.caption.15} has been referenced but does not 
exist, replaced by a fixed one

pdfTeX warning (dest): name{figure.caption.19} has been referenced but does not
 exist, replaced by a fixed one

pdfTeX warning (dest): name{figure.caption.16} has been referenced but does not
 exist, replaced by a fixed one

pdfTeX warning (dest): name{figure.caption.10} has been referenced but does not
 exist, replaced by a fixed one

pdfTeX warning (dest): name{subsection.1.4.5} has been referenced but does not 
exist, replaced by a fixed one

pdfTeX warning (dest): name{subsection.1.4.4} has been referenced but does not 
exist, replaced by a fixed one

pdfTeX warning (dest): name{subsection.1.4.3} has been referenced but does not 
exist, replaced by a fixed one

pdfTeX warning (dest): name{subsection.1.4.2} has been referenced but does not 
exist, replaced by a fixed one

pdfTeX warning (dest): name{subsection.1.4.1} has been referenced but does not 
exist, replaced by a fixed one

pdfTeX warning (dest): name{section.1.4} has been referenced but does not exist
, replaced by a fixed one

pdfTeX warning (dest): name{subsection.1.3.1} has been referenced but does not 
exist, replaced by a fixed one

pdfTeX warning (dest): name{subsection.1.1.1} has been referenced but does not 
exist, replaced by a fixed one

{/usr/local/texlive/2021/texmf-dist/fonts/enc/dvips/lm/lm-mathit.enc}{/usr/loca
l/texlive/2021/texmf-dist/fonts/enc/dvips/lm/lm-ec.enc}{/usr/local/texlive/2021
/texmf-dist/fonts/enc/dvips/lm/lm-ts1.enc}{/usr/local/texlive/2021/texmf-dist/f
onts/enc/dvips/lm/lm-mathsy.enc}</usr/local/texlive/2021/texmf-dist/fonts/type1
/public/niceframe-type1/bbding10.pfb></usr/local/texlive/2021/texmf-dist/fonts/
type1/public/lm/lmbx12.pfb></usr/local/texlive/2021/texmf-dist/fonts/type1/publ
ic/lm/lmmi12.pfb></usr/local/texlive/2021/texmf-dist/fonts/type1/public/lm/lmr1
0.pfb></usr/local/texlive/2021/texmf-dist/fonts/type1/public/lm/lmr12.pfb></usr
/local/texlive/2021/texmf-dist/fonts/type1/public/lm/lmr7.pfb></usr/local/texli
ve/2021/texmf-dist/fonts/type1/public/lm/lmr8.pfb></usr/local/texlive/2021/texm
f-dist/fonts/type1/public/lm/lmri12.pfb></usr/local/texlive/2021/texmf-dist/fon
ts/type1/public/lm/lmsy10.pfb></usr/local/texlive/2021/texmf-dist/fonts/type1/p
ublic/lm/lmtt10.pfb></usr/local/texlive/2021/texmf-dist/fonts/type1/public/lm/l
mtt12.pfb></usr/local/texlive/2021/texmf-dist/fonts/type1/public/lm/lmtti10.pfb
>
Output written on parita-msc.pdf (158 pages, 2008836 bytes).
PDF statistics:
 3212 PDF objects out of 3580 (max. 8388607)
 2868 compressed objects within 29 object streams
 1816 named destinations out of 2073 (max. 500000)
 468 words of extra memory for PDF output out of 10000 (max. 10000000)

